	<!-- Aeon MQ 5 -->

	<window id="6524" type="dialog"><!-- Estacoes de Radio -->
	<defaultcontrol>-</defaultcontrol>
	<include>SubMenuCommon</include>
	<controls>
	<control type="group">
	<include condition="Window.IsVisible(6000)">MenuCustom</include>
	<control type="group"><!-- default group -->
	<include>Animation_SubMenu</include>
	<include condition="Window.IsVisible(6000)">SubmenuGoTo</include>
	<include condition="Window.IsVisible(Home)">SubMenuDefault</include>
	<control type="panel" id="9000">
	<include condition="Window.IsVisible(6000)">SubmenuVList</include>
	<include condition="Window.IsVisible(Home)">SubmenuHList</include>
	<content>
	<item>
	<label fallback="31014">$VAR[value_menu52051.label]</label>
	<property name="condition">$INFO[skin.string(menu52051.visible)]</property>
	<property name="name">menu52051</property>
	<property name="id">$INFO[skin.string(menu52051.master)]</property>
	<onclick condition="Window.IsVisible(6000)">SetFocus(5000)</onclick>
	<onclick condition="Window.IsVisible(Home)">Dialog.Close(6524)</onclick>
	<onclick condition="Window.IsVisible(Home)">Skin.SetString(submenu_action,$VAR[value_menu52051.action])</onclick>
	<visible>![IsEmpty(skin.string(menu52051.master)) | String.Contains(skin.string(menu52051.visible),off)] | Window.IsVisible(6000)</visible>
	</item>
	<item>
	<label fallback="31014">$VAR[value_menu52052.label]</label>
	<property name="condition">$INFO[skin.string(menu52052.visible)]</property>
	<property name="name">menu52052</property>
	<property name="id">$INFO[skin.string(menu52052.master)]</property>
	<onclick condition="Window.IsVisible(6000)">SetFocus(5000)</onclick>
	<onclick condition="Window.IsVisible(Home)">Dialog.Close(6524)</onclick>
	<onclick condition="Window.IsVisible(Home)">Skin.SetString(submenu_action,$VAR[value_menu52052.action])</onclick>
	<visible>![IsEmpty(skin.string(menu52052.master)) | String.Contains(skin.string(menu52052.visible),off)] | Window.IsVisible(6000)</visible>
	</item>
	<item>
	<label fallback="31014">$VAR[value_menu52053.label]</label>
	<property name="condition">$INFO[skin.string(menu52053.visible)]</property>
	<property name="name">menu52053</property>
	<property name="id">$INFO[skin.string(menu52053.master)]</property>
	<onclick condition="Window.IsVisible(6000)">SetFocus(5000)</onclick>
	<onclick condition="Window.IsVisible(Home)">Dialog.Close(6524)</onclick>
	<onclick condition="Window.IsVisible(Home)">Skin.SetString(submenu_action,$VAR[value_menu52053.action])</onclick>
	<visible>![IsEmpty(skin.string(menu52053.master)) | String.Contains(skin.string(menu52053.visible),off)] | Window.IsVisible(6000)</visible>
	</item>
	<item>
	<label fallback="31014">$VAR[value_menu52054.label]</label>
	<property name="condition">$INFO[skin.string(menu52054.visible)]</property>
	<property name="name">menu52054</property>
	<property name="id">$INFO[skin.string(menu52054.master)]</property>
	<onclick condition="Window.IsVisible(6000)">SetFocus(5000)</onclick>
	<onclick condition="Window.IsVisible(Home)">Dialog.Close(6524)</onclick>
	<onclick condition="Window.IsVisible(Home)">Skin.SetString(submenu_action,$VAR[value_menu52054.action])</onclick>
	<visible>![IsEmpty(skin.string(menu52054.master)) | String.Contains(skin.string(menu52054.visible),off)] | Window.IsVisible(6000)</visible>
	</item>
	<item>
	<label fallback="31014">$VAR[value_menu52055.label]</label>
	<property name="condition">$INFO[skin.string(menu52055.visible)]</property>
	<property name="name">menu52055</property>
	<property name="id">$INFO[skin.string(menu52055.master)]</property>
	<onclick condition="Window.IsVisible(6000)">SetFocus(5000)</onclick>
	<onclick condition="Window.IsVisible(Home)">Dialog.Close(6524)</onclick>
	<onclick condition="Window.IsVisible(Home)">Skin.SetString(submenu_action,$VAR[value_menu52055.action])</onclick>
	<visible>![IsEmpty(skin.string(menu52055.master)) | String.Contains(skin.string(menu52055.visible),off)] | Window.IsVisible(6000)</visible>
	</item>
	</content>
	</control>
	<include condition="Window.IsVisible(6000)">Glass</include>
	</control>
	</control>
	</controls>
	</window>