	<!-- Aeon MQ 5 -->

	<window id="6101" type="dialog"><!-- V-Playlist 1 -->
	<defaultcontrol>-</defaultcontrol>
	<include>SubMenuCommon</include>
	<controls>
	<control type="group">
	<include condition="Window.IsVisible(6000)">MenuCustom</include>
	<control type="group"><!-- default group -->
	<include>Animation_SubMenu</include>
	<include condition="Window.IsVisible(6000)">SubmenuGoTo</include>
	<include condition="Window.IsVisible(Home)">SubMenuDefault</include>
	<control type="panel" id="9000">
	<include condition="Window.IsVisible(6000)">SubmenuVList</include>
	<include condition="Window.IsVisible(Home)">SubmenuHList</include>
	<content>
	<item>
	<label fallback="31014">$VAR[value_menu10101.label]</label>
	<property name="condition">$INFO[skin.string(menu10101.visible)]</property>
	<property name="name">menu10101</property>
	<property name="id">$INFO[skin.string(menu10101.master)]</property>
	<onclick condition="Window.IsVisible(6000)">SetFocus(5000)</onclick>
	<onclick condition="Window.IsVisible(Home)">Dialog.Close(6101)</onclick>
	<onclick condition="Window.IsVisible(Home)">Skin.SetString(submenu_action,$VAR[value_menu10101.action])</onclick>
	<visible>![IsEmpty(skin.string(menu10101.master)) | String.Contains(skin.string(menu10101.visible),off)] | Window.IsVisible(6000)</visible>
	</item>
	<item>
	<label fallback="31014">$VAR[value_menu10102.label]</label>
	<property name="condition">$INFO[skin.string(menu10102.visible)]</property>
	<property name="name">menu10102</property>
	<property name="id">$INFO[skin.string(menu10102.master)]</property>
	<onclick condition="Window.IsVisible(6000)">SetFocus(5000)</onclick>
	<onclick condition="Window.IsVisible(Home)">Dialog.Close(6101)</onclick>
	<onclick condition="Window.IsVisible(Home)">Skin.SetString(submenu_action,$VAR[value_menu10102.action])</onclick>
	<visible>![IsEmpty(skin.string(menu10102.master)) | String.Contains(skin.string(menu10102.visible),off)] | Window.IsVisible(6000)</visible>
	</item>
	<item>
	<label fallback="31014">$VAR[value_menu10103.label]</label>
	<property name="condition">$INFO[skin.string(menu10103.visible)]</property>
	<property name="name">menu10103</property>
	<property name="id">$INFO[skin.string(menu10103.master)]</property>
	<onclick condition="Window.IsVisible(6000)">SetFocus(5000)</onclick>
	<onclick condition="Window.IsVisible(Home)">Dialog.Close(6101)</onclick>
	<onclick condition="Window.IsVisible(Home)">Skin.SetString(submenu_action,$VAR[value_menu10103.action])</onclick>
	<visible>![IsEmpty(skin.string(menu10103.master)) | String.Contains(skin.string(menu10103.visible),off)] | Window.IsVisible(6000)</visible>
	</item>
	<item>
	<label fallback="31014">$VAR[value_menu10104.label]</label>
	<property name="condition">$INFO[skin.string(menu10104.visible)]</property>
	<property name="name">menu10104</property>
	<property name="id">$INFO[skin.string(menu10104.master)]</property>
	<onclick condition="Window.IsVisible(6000)">SetFocus(5000)</onclick>
	<onclick condition="Window.IsVisible(Home)">Dialog.Close(6101)</onclick>
	<onclick condition="Window.IsVisible(Home)">Skin.SetString(submenu_action,$VAR[value_menu10104.action])</onclick>
	<visible>![IsEmpty(skin.string(menu10104.master)) | String.Contains(skin.string(menu10104.visible),off)] | Window.IsVisible(6000)</visible>
	</item>
	<item>
	<label fallback="31014">$VAR[value_menu10105.label]</label>
	<property name="condition">$INFO[skin.string(menu10105.visible)]</property>
	<property name="name">menu10105</property>
	<property name="id">$INFO[skin.string(menu10105.master)]</property>
	<onclick condition="Window.IsVisible(6000)">SetFocus(5000)</onclick>
	<onclick condition="Window.IsVisible(Home)">Dialog.Close(6101)</onclick>
	<onclick condition="Window.IsVisible(Home)">Skin.SetString(submenu_action,$VAR[value_menu10105.action])</onclick>
	<visible>![IsEmpty(skin.string(menu10105.master)) | String.Contains(skin.string(menu10105.visible),off)] | Window.IsVisible(6000)</visible>
	</item>
	<item>
	<label fallback="31014">$VAR[value_menu10106.label]</label>
	<property name="condition">$INFO[skin.string(menu10106.visible)]</property>
	<property name="name">menu10106</property>
	<property name="id">$INFO[skin.string(menu10106.master)]</property>
	<onclick condition="Window.IsVisible(6000)">SetFocus(5000)</onclick>
	<onclick condition="Window.IsVisible(Home)">Dialog.Close(6101)</onclick>
	<onclick condition="Window.IsVisible(Home)">Skin.SetString(submenu_action,$VAR[value_menu10106.action])</onclick>
	<visible>![IsEmpty(skin.string(menu10106.master)) | String.Contains(skin.string(menu10106.visible),off)] | Window.IsVisible(6000)</visible>
	</item>
	<item>
	<label fallback="31014">$VAR[value_menu10107.label]</label>
	<property name="condition">$INFO[skin.string(menu10107.visible)]</property>
	<property name="name">menu10107</property>
	<property name="id">$INFO[skin.string(menu10107.master)]</property>
	<onclick condition="Window.IsVisible(6000)">SetFocus(5000)</onclick>
	<onclick condition="Window.IsVisible(Home)">Dialog.Close(6101)</onclick>
	<onclick condition="Window.IsVisible(Home)">Skin.SetString(submenu_action,$VAR[value_menu10107.action])</onclick>
	<visible>![IsEmpty(skin.string(menu10107.master)) | String.Contains(skin.string(menu10107.visible),off)] | Window.IsVisible(6000)</visible>
	</item>
	<item>
	<label fallback="31014">$VAR[value_menu10108.label]</label>
	<property name="condition">$INFO[skin.string(menu10108.visible)]</property>
	<property name="name">menu10108</property>
	<property name="id">$INFO[skin.string(menu10108.master)]</property>
	<onclick condition="Window.IsVisible(6000)">SetFocus(5000)</onclick>
	<onclick condition="Window.IsVisible(Home)">Dialog.Close(6101)</onclick>
	<onclick condition="Window.IsVisible(Home)">Skin.SetString(submenu_action,$VAR[value_menu10108.action])</onclick>
	<visible>![IsEmpty(skin.string(menu10108.master)) | String.Contains(skin.string(menu10108.visible),off)] | Window.IsVisible(6000)</visible>
	</item>
	<item>
	<label fallback="31014">$VAR[value_menu10109.label]</label>
	<property name="condition">$INFO[skin.string(menu10109.visible)]</property>
	<property name="name">menu10109</property>
	<property name="id">$INFO[skin.string(menu10109.master)]</property>
	<onclick condition="Window.IsVisible(6000)">SetFocus(5000)</onclick>
	<onclick condition="Window.IsVisible(Home)">Dialog.Close(6101)</onclick>
	<onclick condition="Window.IsVisible(Home)">Skin.SetString(submenu_action,$VAR[value_menu10109.action])</onclick>
	<visible>![IsEmpty(skin.string(menu10109.master)) | String.Contains(skin.string(menu10109.visible),off)] | Window.IsVisible(6000)</visible>
	</item>
	<item>
	<label fallback="31014">$VAR[value_menu10110.label]</label>
	<property name="condition">$INFO[skin.string(menu10110.visible)]</property>
	<property name="name">menu10110</property>
	<property name="id">$INFO[skin.string(menu10110.master)]</property>
	<onclick condition="Window.IsVisible(6000)">SetFocus(5000)</onclick>
	<onclick condition="Window.IsVisible(Home)">Dialog.Close(6101)</onclick>
	<onclick condition="Window.IsVisible(Home)">Skin.SetString(submenu_action,$VAR[value_menu10110.action])</onclick>
	<visible>![IsEmpty(skin.string(menu10110.master)) | String.Contains(skin.string(menu10110.visible),off)] | Window.IsVisible(6000)</visible>
	</item>
	<item>
	<label fallback="31014">$VAR[value_menu10111.label]</label>
	<property name="condition">$INFO[skin.string(menu10111.visible)]</property>
	<property name="name">menu10111</property>
	<property name="id">$INFO[skin.string(menu10111.master)]</property>
	<onclick condition="Window.IsVisible(6000)">SetFocus(5000)</onclick>
	<onclick condition="Window.IsVisible(Home)">Dialog.Close(6101)</onclick>
	<onclick condition="Window.IsVisible(Home)">Skin.SetString(submenu_action,$VAR[value_menu10111.action])</onclick>
	<visible>![IsEmpty(skin.string(menu10111.master)) | String.Contains(skin.string(menu10111.visible),off)] | Window.IsVisible(6000)</visible>
	</item>
	<item>
	<label fallback="31014">$VAR[value_menu10112.label]</label>
	<property name="condition">$INFO[skin.string(menu10112.visible)]</property>
	<property name="name">menu10112</property>
	<property name="id">$INFO[skin.string(menu10112.master)]</property>
	<onclick condition="Window.IsVisible(6000)">SetFocus(5000)</onclick>
	<onclick condition="Window.IsVisible(Home)">Dialog.Close(6101)</onclick>
	<onclick condition="Window.IsVisible(Home)">Skin.SetString(submenu_action,$VAR[value_menu10112.action])</onclick>
	<visible>![IsEmpty(skin.string(menu10112.master)) | String.Contains(skin.string(menu10112.visible),off)] | Window.IsVisible(6000)</visible>
	</item>
	<item>
	<label fallback="31014">$VAR[value_menu10113.label]</label>
	<property name="condition">$INFO[skin.string(menu10113.visible)]</property>
	<property name="name">menu10113</property>
	<property name="id">$INFO[skin.string(menu10113.master)]</property>
	<onclick condition="Window.IsVisible(6000)">SetFocus(5000)</onclick>
	<onclick condition="Window.IsVisible(Home)">Dialog.Close(6101)</onclick>
	<onclick condition="Window.IsVisible(Home)">Skin.SetString(submenu_action,$VAR[value_menu10113.action])</onclick>
	<visible>![IsEmpty(skin.string(menu10113.master)) | String.Contains(skin.string(menu10113.visible),off)] | Window.IsVisible(6000)</visible>
	</item>
	<item>
	<label fallback="31014">$VAR[value_menu10114.label]</label>
	<property name="condition">$INFO[skin.string(menu10114.visible)]</property>
	<property name="name">menu10114</property>
	<property name="id">$INFO[skin.string(menu10114.master)]</property>
	<onclick condition="Window.IsVisible(6000)">SetFocus(5000)</onclick>
	<onclick condition="Window.IsVisible(Home)">Dialog.Close(6101)</onclick>
	<onclick condition="Window.IsVisible(Home)">Skin.SetString(submenu_action,$VAR[value_menu10114.action])</onclick>
	<visible>![IsEmpty(skin.string(menu10114.master)) | String.Contains(skin.string(menu10114.visible),off)] | Window.IsVisible(6000)</visible>
	</item>
	<item>
	<label fallback="31014">$VAR[value_menu10115.label]</label>
	<property name="condition">$INFO[skin.string(menu10115.visible)]</property>
	<property name="name">menu10115</property>
	<property name="id">$INFO[skin.string(menu10115.master)]</property>
	<onclick condition="Window.IsVisible(6000)">SetFocus(5000)</onclick>
	<onclick condition="Window.IsVisible(Home)">Dialog.Close(6101)</onclick>
	<onclick condition="Window.IsVisible(Home)">Skin.SetString(submenu_action,$VAR[value_menu10115.action])</onclick>
	<visible>![IsEmpty(skin.string(menu10115.master)) | String.Contains(skin.string(menu10115.visible),off)] | Window.IsVisible(6000)</visible>
	</item>
	</content>
	</control>
	<include condition="Window.IsVisible(6000)">Glass</include>
	</control>
	</control>
	</controls>
	</window>