	<!-- Aeon MQ 5 -->

	<window id="6413" type="dialog"><!-- Favorito 13 -->
	<defaultcontrol>-</defaultcontrol>
	<include>SubMenuCommon</include>
	<controls>
	<control type="group">
	<include condition="Window.IsVisible(6000)">MenuCustom</include>
	<control type="group"><!-- default group -->
	<include>Animation_SubMenu</include>
	<include condition="Window.IsVisible(6000)">SubmenuGoTo</include>
	<include condition="Window.IsVisible(Home)">SubMenuDefault</include>
	<control type="panel" id="9000">
	<include condition="Window.IsVisible(6000)">SubmenuVList</include>
	<include condition="Window.IsVisible(Home)">SubmenuHList</include>
	<content>
	<item>
	<label fallback="31014">$VAR[value_menu41301.label]</label>
	<property name="condition">$INFO[skin.string(menu41301.visible)]</property>
	<property name="name">menu41301</property>
	<property name="id">$INFO[skin.string(menu41301.master)]</property>
	<onclick condition="Window.IsVisible(6000)">SetFocus(5000)</onclick>
	<onclick condition="Window.IsVisible(Home)">Dialog.Close(6413)</onclick>
	<onclick condition="Window.IsVisible(Home)">Skin.SetString(submenu_action,$VAR[value_menu41301.action])</onclick>
	<visible>![IsEmpty(skin.string(menu41301.master)) | String.Contains(skin.string(menu41301.visible),off)] | Window.IsVisible(6000)</visible>
	</item>
	<item>
	<label fallback="31014">$VAR[value_menu41302.label]</label>
	<property name="condition">$INFO[skin.string(menu41302.visible)]</property>
	<property name="name">menu41302</property>
	<property name="id">$INFO[skin.string(menu41302.master)]</property>
	<onclick condition="Window.IsVisible(6000)">SetFocus(5000)</onclick>
	<onclick condition="Window.IsVisible(Home)">Dialog.Close(6413)</onclick>
	<onclick condition="Window.IsVisible(Home)">Skin.SetString(submenu_action,$VAR[value_menu41302.action])</onclick>
	<visible>![IsEmpty(skin.string(menu41302.master)) | String.Contains(skin.string(menu41302.visible),off)] | Window.IsVisible(6000)</visible>
	</item>
	<item>
	<label fallback="31014">$VAR[value_menu41303.label]</label>
	<property name="condition">$INFO[skin.string(menu41303.visible)]</property>
	<property name="name">menu41303</property>
	<property name="id">$INFO[skin.string(menu41303.master)]</property>
	<onclick condition="Window.IsVisible(6000)">SetFocus(5000)</onclick>
	<onclick condition="Window.IsVisible(Home)">Dialog.Close(6413)</onclick>
	<onclick condition="Window.IsVisible(Home)">Skin.SetString(submenu_action,$VAR[value_menu41303.action])</onclick>
	<visible>![IsEmpty(skin.string(menu41303.master)) | String.Contains(skin.string(menu41303.visible),off)] | Window.IsVisible(6000)</visible>
	</item>
	<item>
	<label fallback="31014">$VAR[value_menu41304.label]</label>
	<property name="condition">$INFO[skin.string(menu41304.visible)]</property>
	<property name="name">menu41304</property>
	<property name="id">$INFO[skin.string(menu41304.master)]</property>
	<onclick condition="Window.IsVisible(6000)">SetFocus(5000)</onclick>
	<onclick condition="Window.IsVisible(Home)">Dialog.Close(6413)</onclick>
	<onclick condition="Window.IsVisible(Home)">Skin.SetString(submenu_action,$VAR[value_menu41304.action])</onclick>
	<visible>![IsEmpty(skin.string(menu41304.master)) | String.Contains(skin.string(menu41304.visible),off)] | Window.IsVisible(6000)</visible>
	</item>
	<item>
	<label fallback="31014">$VAR[value_menu41305.label]</label>
	<property name="condition">$INFO[skin.string(menu41305.visible)]</property>
	<property name="name">menu41305</property>
	<property name="id">$INFO[skin.string(menu41305.master)]</property>
	<onclick condition="Window.IsVisible(6000)">SetFocus(5000)</onclick>
	<onclick condition="Window.IsVisible(Home)">Dialog.Close(6413)</onclick>
	<onclick condition="Window.IsVisible(Home)">Skin.SetString(submenu_action,$VAR[value_menu41305.action])</onclick>
	<visible>![IsEmpty(skin.string(menu41305.master)) | String.Contains(skin.string(menu41305.visible),off)] | Window.IsVisible(6000)</visible>
	</item>
	<item>
	<label fallback="31014">$VAR[value_menu41306.label]</label>
	<property name="condition">$INFO[skin.string(menu41306.visible)]</property>
	<property name="name">menu41306</property>
	<property name="id">$INFO[skin.string(menu41306.master)]</property>
	<onclick condition="Window.IsVisible(6000)">SetFocus(5000)</onclick>
	<onclick condition="Window.IsVisible(Home)">Dialog.Close(6413)</onclick>
	<onclick condition="Window.IsVisible(Home)">Skin.SetString(submenu_action,$VAR[value_menu41306.action])</onclick>
	<visible>![IsEmpty(skin.string(menu41306.master)) | String.Contains(skin.string(menu41306.visible),off)] | Window.IsVisible(6000)</visible>
	</item>
	<item>
	<label fallback="31014">$VAR[value_menu41307.label]</label>
	<property name="condition">$INFO[skin.string(menu41307.visible)]</property>
	<property name="name">menu41307</property>
	<property name="id">$INFO[skin.string(menu41307.master)]</property>
	<onclick condition="Window.IsVisible(6000)">SetFocus(5000)</onclick>
	<onclick condition="Window.IsVisible(Home)">Dialog.Close(6413)</onclick>
	<onclick condition="Window.IsVisible(Home)">Skin.SetString(submenu_action,$VAR[value_menu41307.action])</onclick>
	<visible>![IsEmpty(skin.string(menu41307.master)) | String.Contains(skin.string(menu41307.visible),off)] | Window.IsVisible(6000)</visible>
	</item>
	<item>
	<label fallback="31014">$VAR[value_menu41308.label]</label>
	<property name="condition">$INFO[skin.string(menu41308.visible)]</property>
	<property name="name">menu41308</property>
	<property name="id">$INFO[skin.string(menu41308.master)]</property>
	<onclick condition="Window.IsVisible(6000)">SetFocus(5000)</onclick>
	<onclick condition="Window.IsVisible(Home)">Dialog.Close(6413)</onclick>
	<onclick condition="Window.IsVisible(Home)">Skin.SetString(submenu_action,$VAR[value_menu41308.action])</onclick>
	<visible>![IsEmpty(skin.string(menu41308.master)) | String.Contains(skin.string(menu41308.visible),off)] | Window.IsVisible(6000)</visible>
	</item>
	<item>
	<label fallback="31014">$VAR[value_menu41309.label]</label>
	<property name="condition">$INFO[skin.string(menu41309.visible)]</property>
	<property name="name">menu41309</property>
	<property name="id">$INFO[skin.string(menu41309.master)]</property>
	<onclick condition="Window.IsVisible(6000)">SetFocus(5000)</onclick>
	<onclick condition="Window.IsVisible(Home)">Dialog.Close(6413)</onclick>
	<onclick condition="Window.IsVisible(Home)">Skin.SetString(submenu_action,$VAR[value_menu41309.action])</onclick>
	<visible>![IsEmpty(skin.string(menu41309.master)) | String.Contains(skin.string(menu41309.visible),off)] | Window.IsVisible(6000)</visible>
	</item>
	<item>
	<label fallback="31014">$VAR[value_menu41310.label]</label>
	<property name="condition">$INFO[skin.string(menu41310.visible)]</property>
	<property name="name">menu41310</property>
	<property name="id">$INFO[skin.string(menu41310.master)]</property>
	<onclick condition="Window.IsVisible(6000)">SetFocus(5000)</onclick>
	<onclick condition="Window.IsVisible(Home)">Dialog.Close(6413)</onclick>
	<onclick condition="Window.IsVisible(Home)">Skin.SetString(submenu_action,$VAR[value_menu41310.action])</onclick>
	<visible>![IsEmpty(skin.string(menu41310.master)) | String.Contains(skin.string(menu41310.visible),off)] | Window.IsVisible(6000)</visible>
	</item>
	<item>
	<label fallback="31014">$VAR[value_menu41311.label]</label>
	<property name="condition">$INFO[skin.string(menu41311.visible)]</property>
	<property name="name">menu41311</property>
	<property name="id">$INFO[skin.string(menu41311.master)]</property>
	<onclick condition="Window.IsVisible(6000)">SetFocus(5000)</onclick>
	<onclick condition="Window.IsVisible(Home)">Dialog.Close(6413)</onclick>
	<onclick condition="Window.IsVisible(Home)">Skin.SetString(submenu_action,$VAR[value_menu41311.action])</onclick>
	<visible>![IsEmpty(skin.string(menu41311.master)) | String.Contains(skin.string(menu41311.visible),off)] | Window.IsVisible(6000)</visible>
	</item>
	<item>
	<label fallback="31014">$VAR[value_menu41312.label]</label>
	<property name="condition">$INFO[skin.string(menu41312.visible)]</property>
	<property name="name">menu41312</property>
	<property name="id">$INFO[skin.string(menu41312.master)]</property>
	<onclick condition="Window.IsVisible(6000)">SetFocus(5000)</onclick>
	<onclick condition="Window.IsVisible(Home)">Dialog.Close(6413)</onclick>
	<onclick condition="Window.IsVisible(Home)">Skin.SetString(submenu_action,$VAR[value_menu41312.action])</onclick>
	<visible>![IsEmpty(skin.string(menu41312.master)) | String.Contains(skin.string(menu41312.visible),off)] | Window.IsVisible(6000)</visible>
	</item>
	<item>
	<label fallback="31014">$VAR[value_menu41313.label]</label>
	<property name="condition">$INFO[skin.string(menu41313.visible)]</property>
	<property name="name">menu41313</property>
	<property name="id">$INFO[skin.string(menu41313.master)]</property>
	<onclick condition="Window.IsVisible(6000)">SetFocus(5000)</onclick>
	<onclick condition="Window.IsVisible(Home)">Dialog.Close(6413)</onclick>
	<onclick condition="Window.IsVisible(Home)">Skin.SetString(submenu_action,$VAR[value_menu41313.action])</onclick>
	<visible>![IsEmpty(skin.string(menu41313.master)) | String.Contains(skin.string(menu41313.visible),off)] | Window.IsVisible(6000)</visible>
	</item>
	<item>
	<label fallback="31014">$VAR[value_menu41314.label]</label>
	<property name="condition">$INFO[skin.string(menu41314.visible)]</property>
	<property name="name">menu41314</property>
	<property name="id">$INFO[skin.string(menu41314.master)]</property>
	<onclick condition="Window.IsVisible(6000)">SetFocus(5000)</onclick>
	<onclick condition="Window.IsVisible(Home)">Dialog.Close(6413)</onclick>
	<onclick condition="Window.IsVisible(Home)">Skin.SetString(submenu_action,$VAR[value_menu41314.action])</onclick>
	<visible>![IsEmpty(skin.string(menu41314.master)) | String.Contains(skin.string(menu41314.visible),off)] | Window.IsVisible(6000)</visible>
	</item>
	<item>
	<label fallback="31014">$VAR[value_menu41315.label]</label>
	<property name="condition">$INFO[skin.string(menu41315.visible)]</property>
	<property name="name">menu41315</property>
	<property name="id">$INFO[skin.string(menu41315.master)]</property>
	<onclick condition="Window.IsVisible(6000)">SetFocus(5000)</onclick>
	<onclick condition="Window.IsVisible(Home)">Dialog.Close(6413)</onclick>
	<onclick condition="Window.IsVisible(Home)">Skin.SetString(submenu_action,$VAR[value_menu41315.action])</onclick>
	<visible>![IsEmpty(skin.string(menu41315.master)) | String.Contains(skin.string(menu41315.visible),off)] | Window.IsVisible(6000)</visible>
	</item>
	</content>
	</control>
	<include condition="Window.IsVisible(6000)">Glass</include>
	</control>
	</control>
	</controls>
	</window>