	<!-- Aeon MQ 5 -->

	<window id="6102" type="dialog"><!-- V-Playlist 2 -->
	<defaultcontrol>-</defaultcontrol>
	<include>SubMenuCommon</include>
	<controls>
	<control type="group">
	<include condition="Window.IsVisible(6000)">MenuCustom</include>
	<control type="group"><!-- default group -->
	<include>Animation_SubMenu</include>
	<include condition="Window.IsVisible(6000)">SubmenuGoTo</include>
	<include condition="Window.IsVisible(Home)">SubMenuDefault</include>
	<control type="panel" id="9000">
	<include condition="Window.IsVisible(6000)">SubmenuVList</include>
	<include condition="Window.IsVisible(Home)">SubmenuHList</include>
	<content>
	<item>
	<label fallback="31014">$VAR[value_menu10201.label]</label>
	<property name="condition">$INFO[skin.string(menu10201.visible)]</property>
	<property name="name">menu10201</property>
	<property name="id">$INFO[skin.string(menu10201.master)]</property>
	<onclick condition="Window.IsVisible(6000)">SetFocus(5000)</onclick>
	<onclick condition="Window.IsVisible(Home)">Dialog.Close(6102)</onclick>
	<onclick condition="Window.IsVisible(Home)">Skin.SetString(submenu_action,$VAR[value_menu10201.action])</onclick>
	<visible>![IsEmpty(skin.string(menu10201.master)) | String.Contains(skin.string(menu10201.visible),off)] | Window.IsVisible(6000)</visible>
	</item>
	<item>
	<label fallback="31014">$VAR[value_menu10202.label]</label>
	<property name="condition">$INFO[skin.string(menu10202.visible)]</property>
	<property name="name">menu10202</property>
	<property name="id">$INFO[skin.string(menu10202.master)]</property>
	<onclick condition="Window.IsVisible(6000)">SetFocus(5000)</onclick>
	<onclick condition="Window.IsVisible(Home)">Dialog.Close(6102)</onclick>
	<onclick condition="Window.IsVisible(Home)">Skin.SetString(submenu_action,$VAR[value_menu10202.action])</onclick>
	<visible>![IsEmpty(skin.string(menu10202.master)) | String.Contains(skin.string(menu10202.visible),off)] | Window.IsVisible(6000)</visible>
	</item>
	<item>
	<label fallback="31014">$VAR[value_menu10203.label]</label>
	<property name="condition">$INFO[skin.string(menu10203.visible)]</property>
	<property name="name">menu10203</property>
	<property name="id">$INFO[skin.string(menu10203.master)]</property>
	<onclick condition="Window.IsVisible(6000)">SetFocus(5000)</onclick>
	<onclick condition="Window.IsVisible(Home)">Dialog.Close(6102)</onclick>
	<onclick condition="Window.IsVisible(Home)">Skin.SetString(submenu_action,$VAR[value_menu10203.action])</onclick>
	<visible>![IsEmpty(skin.string(menu10203.master)) | String.Contains(skin.string(menu10203.visible),off)] | Window.IsVisible(6000)</visible>
	</item>
	<item>
	<label fallback="31014">$VAR[value_menu10204.label]</label>
	<property name="condition">$INFO[skin.string(menu10204.visible)]</property>
	<property name="name">menu10204</property>
	<property name="id">$INFO[skin.string(menu10204.master)]</property>
	<onclick condition="Window.IsVisible(6000)">SetFocus(5000)</onclick>
	<onclick condition="Window.IsVisible(Home)">Dialog.Close(6102)</onclick>
	<onclick condition="Window.IsVisible(Home)">Skin.SetString(submenu_action,$VAR[value_menu10204.action])</onclick>
	<visible>![IsEmpty(skin.string(menu10204.master)) | String.Contains(skin.string(menu10204.visible),off)] | Window.IsVisible(6000)</visible>
	</item>
	<item>
	<label fallback="31014">$VAR[value_menu10205.label]</label>
	<property name="condition">$INFO[skin.string(menu10205.visible)]</property>
	<property name="name">menu10205</property>
	<property name="id">$INFO[skin.string(menu10205.master)]</property>
	<onclick condition="Window.IsVisible(6000)">SetFocus(5000)</onclick>
	<onclick condition="Window.IsVisible(Home)">Dialog.Close(6102)</onclick>
	<onclick condition="Window.IsVisible(Home)">Skin.SetString(submenu_action,$VAR[value_menu10205.action])</onclick>
	<visible>![IsEmpty(skin.string(menu10205.master)) | String.Contains(skin.string(menu10205.visible),off)] | Window.IsVisible(6000)</visible>
	</item>
	<item>
	<label fallback="31014">$VAR[value_menu10206.label]</label>
	<property name="condition">$INFO[skin.string(menu10206.visible)]</property>
	<property name="name">menu10206</property>
	<property name="id">$INFO[skin.string(menu10206.master)]</property>
	<onclick condition="Window.IsVisible(6000)">SetFocus(5000)</onclick>
	<onclick condition="Window.IsVisible(Home)">Dialog.Close(6102)</onclick>
	<onclick condition="Window.IsVisible(Home)">Skin.SetString(submenu_action,$VAR[value_menu10206.action])</onclick>
	<visible>![IsEmpty(skin.string(menu10206.master)) | String.Contains(skin.string(menu10206.visible),off)] | Window.IsVisible(6000)</visible>
	</item>
	<item>
	<label fallback="31014">$VAR[value_menu10207.label]</label>
	<property name="condition">$INFO[skin.string(menu10207.visible)]</property>
	<property name="name">menu10207</property>
	<property name="id">$INFO[skin.string(menu10207.master)]</property>
	<onclick condition="Window.IsVisible(6000)">SetFocus(5000)</onclick>
	<onclick condition="Window.IsVisible(Home)">Dialog.Close(6102)</onclick>
	<onclick condition="Window.IsVisible(Home)">Skin.SetString(submenu_action,$VAR[value_menu10207.action])</onclick>
	<visible>![IsEmpty(skin.string(menu10207.master)) | String.Contains(skin.string(menu10207.visible),off)] | Window.IsVisible(6000)</visible>
	</item>
	<item>
	<label fallback="31014">$VAR[value_menu10208.label]</label>
	<property name="condition">$INFO[skin.string(menu10208.visible)]</property>
	<property name="name">menu10208</property>
	<property name="id">$INFO[skin.string(menu10208.master)]</property>
	<onclick condition="Window.IsVisible(6000)">SetFocus(5000)</onclick>
	<onclick condition="Window.IsVisible(Home)">Dialog.Close(6102)</onclick>
	<onclick condition="Window.IsVisible(Home)">Skin.SetString(submenu_action,$VAR[value_menu10208.action])</onclick>
	<visible>![IsEmpty(skin.string(menu10208.master)) | String.Contains(skin.string(menu10208.visible),off)] | Window.IsVisible(6000)</visible>
	</item>
	<item>
	<label fallback="31014">$VAR[value_menu10209.label]</label>
	<property name="condition">$INFO[skin.string(menu10209.visible)]</property>
	<property name="name">menu10209</property>
	<property name="id">$INFO[skin.string(menu10209.master)]</property>
	<onclick condition="Window.IsVisible(6000)">SetFocus(5000)</onclick>
	<onclick condition="Window.IsVisible(Home)">Dialog.Close(6102)</onclick>
	<onclick condition="Window.IsVisible(Home)">Skin.SetString(submenu_action,$VAR[value_menu10209.action])</onclick>
	<visible>![IsEmpty(skin.string(menu10209.master)) | String.Contains(skin.string(menu10209.visible),off)] | Window.IsVisible(6000)</visible>
	</item>
	<item>
	<label fallback="31014">$VAR[value_menu10210.label]</label>
	<property name="condition">$INFO[skin.string(menu10210.visible)]</property>
	<property name="name">menu10210</property>
	<property name="id">$INFO[skin.string(menu10210.master)]</property>
	<onclick condition="Window.IsVisible(6000)">SetFocus(5000)</onclick>
	<onclick condition="Window.IsVisible(Home)">Dialog.Close(6102)</onclick>
	<onclick condition="Window.IsVisible(Home)">Skin.SetString(submenu_action,$VAR[value_menu10210.action])</onclick>
	<visible>![IsEmpty(skin.string(menu10210.master)) | String.Contains(skin.string(menu10210.visible),off)] | Window.IsVisible(6000)</visible>
	</item>
	<item>
	<label fallback="31014">$VAR[value_menu10211.label]</label>
	<property name="condition">$INFO[skin.string(menu10211.visible)]</property>
	<property name="name">menu10211</property>
	<property name="id">$INFO[skin.string(menu10211.master)]</property>
	<onclick condition="Window.IsVisible(6000)">SetFocus(5000)</onclick>
	<onclick condition="Window.IsVisible(Home)">Dialog.Close(6102)</onclick>
	<onclick condition="Window.IsVisible(Home)">Skin.SetString(submenu_action,$VAR[value_menu10211.action])</onclick>
	<visible>![IsEmpty(skin.string(menu10211.master)) | String.Contains(skin.string(menu10211.visible),off)] | Window.IsVisible(6000)</visible>
	</item>
	<item>
	<label fallback="31014">$VAR[value_menu10212.label]</label>
	<property name="condition">$INFO[skin.string(menu10212.visible)]</property>
	<property name="name">menu10212</property>
	<property name="id">$INFO[skin.string(menu10212.master)]</property>
	<onclick condition="Window.IsVisible(6000)">SetFocus(5000)</onclick>
	<onclick condition="Window.IsVisible(Home)">Dialog.Close(6102)</onclick>
	<onclick condition="Window.IsVisible(Home)">Skin.SetString(submenu_action,$VAR[value_menu10212.action])</onclick>
	<visible>![IsEmpty(skin.string(menu10212.master)) | String.Contains(skin.string(menu10212.visible),off)] | Window.IsVisible(6000)</visible>
	</item>
	<item>
	<label fallback="31014">$VAR[value_menu10213.label]</label>
	<property name="condition">$INFO[skin.string(menu10213.visible)]</property>
	<property name="name">menu10213</property>
	<property name="id">$INFO[skin.string(menu10213.master)]</property>
	<onclick condition="Window.IsVisible(6000)">SetFocus(5000)</onclick>
	<onclick condition="Window.IsVisible(Home)">Dialog.Close(6102)</onclick>
	<onclick condition="Window.IsVisible(Home)">Skin.SetString(submenu_action,$VAR[value_menu10213.action])</onclick>
	<visible>![IsEmpty(skin.string(menu10213.master)) | String.Contains(skin.string(menu10213.visible),off)] | Window.IsVisible(6000)</visible>
	</item>
	<item>
	<label fallback="31014">$VAR[value_menu10214.label]</label>
	<property name="condition">$INFO[skin.string(menu10214.visible)]</property>
	<property name="name">menu10214</property>
	<property name="id">$INFO[skin.string(menu10214.master)]</property>
	<onclick condition="Window.IsVisible(6000)">SetFocus(5000)</onclick>
	<onclick condition="Window.IsVisible(Home)">Dialog.Close(6102)</onclick>
	<onclick condition="Window.IsVisible(Home)">Skin.SetString(submenu_action,$VAR[value_menu10214.action])</onclick>
	<visible>![IsEmpty(skin.string(menu10214.master)) | String.Contains(skin.string(menu10214.visible),off)] | Window.IsVisible(6000)</visible>
	</item>
	<item>
	<label fallback="31014">$VAR[value_menu10215.label]</label>
	<property name="condition">$INFO[skin.string(menu10215.visible)]</property>
	<property name="name">menu10215</property>
	<property name="id">$INFO[skin.string(menu10215.master)]</property>
	<onclick condition="Window.IsVisible(6000)">SetFocus(5000)</onclick>
	<onclick condition="Window.IsVisible(Home)">Dialog.Close(6102)</onclick>
	<onclick condition="Window.IsVisible(Home)">Skin.SetString(submenu_action,$VAR[value_menu10215.action])</onclick>
	<visible>![IsEmpty(skin.string(menu10215.master)) | String.Contains(skin.string(menu10215.visible),off)] | Window.IsVisible(6000)</visible>
	</item>
	</content>
	</control>
	<include condition="Window.IsVisible(6000)">Glass</include>
	</control>
	</control>
	</controls>
	</window>