<?xml version="1.0" encoding="UTF-8"?>
	<!-- Aeon MQ 5 Helix 6.1.0/6.1.3 -->
	<!-- Jarvis 8.1.14 -->

<window id="638" type="dialog"> <!-- safe id -->
	<defaultcontrol>-</defaultcontrol>
	<onload condition="String.Contains(skin.string(panel_seconds),1)">SetFocus(9061)</onload>
	<onload condition="String.Contains(skin.string(panel_seconds),2)">SetFocus(9062)</onload>
	<onload condition="String.Contains(skin.string(panel_seconds),3)">SetFocus(9063)</onload>
	<onload condition="String.Contains(skin.string(panel_seconds),4)">SetFocus(9064)</onload>
	<onload condition="String.Contains(skin.string(panel_seconds),5)">SetFocus(9065)</onload>
	<!-- <zorder>3</zorder> -->
	<coordinates>
		<system>1</system>
		<posx>0</posx>
		<posy>0</posy>
	</coordinates>
	<controls>
		<control type="image">
			<posx>0</posx>
			<posy>0</posy>
			<width>1280</width>
			<height>720</height>
			<texture>black.png</texture>
			<colordiffuse>C3FFFFFF</colordiffuse>
			<include>Animation_Fade</include>
		</control>
		<control type="group">
			<posx>410</posx>
			<posy>120</posy>
			<include>Animation_DialogPopup</include>
			<control type="image">
				<posx>0</posx>
				<posy>30</posy>
				<width>454</width>
				<height>39</height>
				<texture>gradient_focus.png</texture>
				<colordiffuse>$VAR[value_headercolor]</colordiffuse>
			</control>
			<control type="image">
				<posx>0</posx>
				<posy>0</posy>
				<width>454</width>
				<height>39</height>
				<texture>dialogs_context_nofocus.png</texture>
				<colordiffuse>F9FFFFFF</colordiffuse>
			</control>
			<control type="label">
				<posx>80</posx>
				<posy>8</posy>
				<width>300</width>
				<height>40</height>
				<align>center</align>
				<label>31621</label>
				<font>Font_20</font>
				<textcolor>$VAR[value_headercolor]</textcolor>
			</control>	
			<control type="grouplist" id="9060">
				<posx>0</posx>
				<posy>50</posy>
				<width>445</width>
				<height max="670">auto</height>
				<itemgap>0</itemgap>
				<onleft>Dialog.Close(638)</onleft>
				<onright>Dialog.Close(638)</onright>
				<control type="radiobutton" id="9061"><!-- 1s -->
					<include>DialogContext_Button</include>
					<label>31465</label>
					<onclick>Skin.SetString(panel_seconds,1)</onclick>
					<onclick>Dialog.Close(638)</onclick>
				</control>
				<control type="radiobutton" id="9062"><!-- 2s -->
					<include>DialogContext_Button</include>
					<label>31466</label>
					<onclick>Skin.SetString(panel_seconds,2)</onclick>
					<onclick>Dialog.Close(638)</onclick>
				</control>
				<control type="radiobutton" id="9063"><!-- 3s -->
					<include>DialogContext_Button</include>
					<label>31467</label>
					<onclick>Skin.SetString(panel_seconds,3)</onclick>
					<onclick>Dialog.Close(638)</onclick>
				</control>
				<control type="radiobutton" id="9064"><!-- 4s -->
					<include>DialogContext_Button</include>
					<label>31468</label>
					<onclick>Skin.SetString(panel_seconds,4)</onclick>
					<onclick>Dialog.Close(638)</onclick>
				</control>
				<control type="radiobutton" id="9065"><!-- 5s -->
					<include>DialogContext_Button</include>
					<label>31469</label>
					<onclick>Skin.SetString(panel_seconds,5)</onclick>
					<onclick>Dialog.Close(638)</onclick>
				</control>
			</control>
		</control>
	</controls>
</window>