	<!-- Aeon MQ 5 -->

	<window id="6501" type="dialog"><!-- Addon de video 1 -->
	<defaultcontrol>-</defaultcontrol>
	<include>SubMenuCommon</include>
	<controls>
	<control type="group">
	<include condition="Window.IsVisible(6000)">MenuCustom</include>
	<control type="group"><!-- default group -->
	<include>Animation_SubMenu</include>
	<include condition="Window.IsVisible(6000)">SubmenuGoTo</include>
	<include condition="Window.IsVisible(Home)">SubMenuDefault</include>
	<control type="panel" id="9000">
	<include condition="Window.IsVisible(6000)">SubmenuVList</include>
	<include condition="Window.IsVisible(Home)">SubmenuHList</include>
	<content>
	<item>
	<label fallback="31014">$VAR[value_menu50101.label]</label>
	<property name="condition">$INFO[skin.string(menu50101.visible)]</property>
	<property name="name">menu50101</property>
	<property name="id">$INFO[skin.string(menu50101.master)]</property>
	<onclick condition="Window.IsVisible(6000)">SetFocus(5000)</onclick>
	<onclick condition="Window.IsVisible(Home)">Dialog.Close(6501)</onclick>
	<onclick condition="Window.IsVisible(Home)">Skin.SetString(submenu_action,$VAR[value_menu50101.action])</onclick>
	<visible>![IsEmpty(skin.string(menu50101.master)) | String.Contains(skin.string(menu50101.visible),off)] | Window.IsVisible(6000)</visible>
	</item>
	<item>
	<label fallback="31014">$VAR[value_menu50102.label]</label>
	<property name="condition">$INFO[skin.string(menu50102.visible)]</property>
	<property name="name">menu50102</property>
	<property name="id">$INFO[skin.string(menu50102.master)]</property>
	<onclick condition="Window.IsVisible(6000)">SetFocus(5000)</onclick>
	<onclick condition="Window.IsVisible(Home)">Dialog.Close(6501)</onclick>
	<onclick condition="Window.IsVisible(Home)">Skin.SetString(submenu_action,$VAR[value_menu50102.action])</onclick>
	<visible>![IsEmpty(skin.string(menu50102.master)) | String.Contains(skin.string(menu50102.visible),off)] | Window.IsVisible(6000)</visible>
	</item>
	<item>
	<label fallback="31014">$VAR[value_menu50103.label]</label>
	<property name="condition">$INFO[skin.string(menu50103.visible)]</property>
	<property name="name">menu50103</property>
	<property name="id">$INFO[skin.string(menu50103.master)]</property>
	<onclick condition="Window.IsVisible(6000)">SetFocus(5000)</onclick>
	<onclick condition="Window.IsVisible(Home)">Dialog.Close(6501)</onclick>
	<onclick condition="Window.IsVisible(Home)">Skin.SetString(submenu_action,$VAR[value_menu50103.action])</onclick>
	<visible>![IsEmpty(skin.string(menu50103.master)) | String.Contains(skin.string(menu50103.visible),off)] | Window.IsVisible(6000)</visible>
	</item>
	<item>
	<label fallback="31014">$VAR[value_menu50104.label]</label>
	<property name="condition">$INFO[skin.string(menu50104.visible)]</property>
	<property name="name">menu50104</property>
	<property name="id">$INFO[skin.string(menu50104.master)]</property>
	<onclick condition="Window.IsVisible(6000)">SetFocus(5000)</onclick>
	<onclick condition="Window.IsVisible(Home)">Dialog.Close(6501)</onclick>
	<onclick condition="Window.IsVisible(Home)">Skin.SetString(submenu_action,$VAR[value_menu50104.action])</onclick>
	<visible>![IsEmpty(skin.string(menu50104.master)) | String.Contains(skin.string(menu50104.visible),off)] | Window.IsVisible(6000)</visible>
	</item>
	<item>
	<label fallback="31014">$VAR[value_menu50105.label]</label>
	<property name="condition">$INFO[skin.string(menu50105.visible)]</property>
	<property name="name">menu50105</property>
	<property name="id">$INFO[skin.string(menu50105.master)]</property>
	<onclick condition="Window.IsVisible(6000)">SetFocus(5000)</onclick>
	<onclick condition="Window.IsVisible(Home)">Dialog.Close(6501)</onclick>
	<onclick condition="Window.IsVisible(Home)">Skin.SetString(submenu_action,$VAR[value_menu50105.action])</onclick>
	<visible>![IsEmpty(skin.string(menu50105.master)) | String.Contains(skin.string(menu50105.visible),off)] | Window.IsVisible(6000)</visible>
	</item>
	<item>
	<label fallback="31014">$VAR[value_menu50106.label]</label>
	<property name="condition">$INFO[skin.string(menu50106.visible)]</property>
	<property name="name">menu50106</property>
	<property name="id">$INFO[skin.string(menu50106.master)]</property>
	<onclick condition="Window.IsVisible(6000)">SetFocus(5000)</onclick>
	<onclick condition="Window.IsVisible(Home)">Dialog.Close(6501)</onclick>
	<onclick condition="Window.IsVisible(Home)">Skin.SetString(submenu_action,$VAR[value_menu50106.action])</onclick>
	<visible>![IsEmpty(skin.string(menu50106.master)) | String.Contains(skin.string(menu50106.visible),off)] | Window.IsVisible(6000)</visible>
	</item>
	<item>
	<label fallback="31014">$VAR[value_menu50107.label]</label>
	<property name="condition">$INFO[skin.string(menu50107.visible)]</property>
	<property name="name">menu50107</property>
	<property name="id">$INFO[skin.string(menu50107.master)]</property>
	<onclick condition="Window.IsVisible(6000)">SetFocus(5000)</onclick>
	<onclick condition="Window.IsVisible(Home)">Dialog.Close(6501)</onclick>
	<onclick condition="Window.IsVisible(Home)">Skin.SetString(submenu_action,$VAR[value_menu50107.action])</onclick>
	<visible>![IsEmpty(skin.string(menu50107.master)) | String.Contains(skin.string(menu50107.visible),off)] | Window.IsVisible(6000)</visible>
	</item>
	<item>
	<label fallback="31014">$VAR[value_menu50108.label]</label>
	<property name="condition">$INFO[skin.string(menu50108.visible)]</property>
	<property name="name">menu50108</property>
	<property name="id">$INFO[skin.string(menu50108.master)]</property>
	<onclick condition="Window.IsVisible(6000)">SetFocus(5000)</onclick>
	<onclick condition="Window.IsVisible(Home)">Dialog.Close(6501)</onclick>
	<onclick condition="Window.IsVisible(Home)">Skin.SetString(submenu_action,$VAR[value_menu50108.action])</onclick>
	<visible>![IsEmpty(skin.string(menu50108.master)) | String.Contains(skin.string(menu50108.visible),off)] | Window.IsVisible(6000)</visible>
	</item>
	<item>
	<label fallback="31014">$VAR[value_menu50109.label]</label>
	<property name="condition">$INFO[skin.string(menu50109.visible)]</property>
	<property name="name">menu50109</property>
	<property name="id">$INFO[skin.string(menu50109.master)]</property>
	<onclick condition="Window.IsVisible(6000)">SetFocus(5000)</onclick>
	<onclick condition="Window.IsVisible(Home)">Dialog.Close(6501)</onclick>
	<onclick condition="Window.IsVisible(Home)">Skin.SetString(submenu_action,$VAR[value_menu50109.action])</onclick>
	<visible>![IsEmpty(skin.string(menu50109.master)) | String.Contains(skin.string(menu50109.visible),off)] | Window.IsVisible(6000)</visible>
	</item>
	<item>
	<label fallback="31014">$VAR[value_menu50110.label]</label>
	<property name="condition">$INFO[skin.string(menu50110.visible)]</property>
	<property name="name">menu50110</property>
	<property name="id">$INFO[skin.string(menu50110.master)]</property>
	<onclick condition="Window.IsVisible(6000)">SetFocus(5000)</onclick>
	<onclick condition="Window.IsVisible(Home)">Dialog.Close(6501)</onclick>
	<onclick condition="Window.IsVisible(Home)">Skin.SetString(submenu_action,$VAR[value_menu50110.action])</onclick>
	<visible>![IsEmpty(skin.string(menu50110.master)) | String.Contains(skin.string(menu50110.visible),off)] | Window.IsVisible(6000)</visible>
	</item>
	<item>
	<label fallback="31014">$VAR[value_menu50111.label]</label>
	<property name="condition">$INFO[skin.string(menu50111.visible)]</property>
	<property name="name">menu50111</property>
	<property name="id">$INFO[skin.string(menu50111.master)]</property>
	<onclick condition="Window.IsVisible(6000)">SetFocus(5000)</onclick>
	<onclick condition="Window.IsVisible(Home)">Dialog.Close(6501)</onclick>
	<onclick condition="Window.IsVisible(Home)">Skin.SetString(submenu_action,$VAR[value_menu50111.action])</onclick>
	<visible>![IsEmpty(skin.string(menu50111.master)) | String.Contains(skin.string(menu50111.visible),off)] | Window.IsVisible(6000)</visible>
	</item>
	<item>
	<label fallback="31014">$VAR[value_menu50112.label]</label>
	<property name="condition">$INFO[skin.string(menu50112.visible)]</property>
	<property name="name">menu50112</property>
	<property name="id">$INFO[skin.string(menu50112.master)]</property>
	<onclick condition="Window.IsVisible(6000)">SetFocus(5000)</onclick>
	<onclick condition="Window.IsVisible(Home)">Dialog.Close(6501)</onclick>
	<onclick condition="Window.IsVisible(Home)">Skin.SetString(submenu_action,$VAR[value_menu50112.action])</onclick>
	<visible>![IsEmpty(skin.string(menu50112.master)) | String.Contains(skin.string(menu50112.visible),off)] | Window.IsVisible(6000)</visible>
	</item>
	<item>
	<label fallback="31014">$VAR[value_menu50113.label]</label>
	<property name="condition">$INFO[skin.string(menu50113.visible)]</property>
	<property name="name">menu50113</property>
	<property name="id">$INFO[skin.string(menu50113.master)]</property>
	<onclick condition="Window.IsVisible(6000)">SetFocus(5000)</onclick>
	<onclick condition="Window.IsVisible(Home)">Dialog.Close(6501)</onclick>
	<onclick condition="Window.IsVisible(Home)">Skin.SetString(submenu_action,$VAR[value_menu50113.action])</onclick>
	<visible>![IsEmpty(skin.string(menu50113.master)) | String.Contains(skin.string(menu50113.visible),off)] | Window.IsVisible(6000)</visible>
	</item>
	<item>
	<label fallback="31014">$VAR[value_menu50114.label]</label>
	<property name="condition">$INFO[skin.string(menu50114.visible)]</property>
	<property name="name">menu50114</property>
	<property name="id">$INFO[skin.string(menu50114.master)]</property>
	<onclick condition="Window.IsVisible(6000)">SetFocus(5000)</onclick>
	<onclick condition="Window.IsVisible(Home)">Dialog.Close(6501)</onclick>
	<onclick condition="Window.IsVisible(Home)">Skin.SetString(submenu_action,$VAR[value_menu50114.action])</onclick>
	<visible>![IsEmpty(skin.string(menu50114.master)) | String.Contains(skin.string(menu50114.visible),off)] | Window.IsVisible(6000)</visible>
	</item>
	<item>
	<label fallback="31014">$VAR[value_menu50115.label]</label>
	<property name="condition">$INFO[skin.string(menu50115.visible)]</property>
	<property name="name">menu50115</property>
	<property name="id">$INFO[skin.string(menu50115.master)]</property>
	<onclick condition="Window.IsVisible(6000)">SetFocus(5000)</onclick>
	<onclick condition="Window.IsVisible(Home)">Dialog.Close(6501)</onclick>
	<onclick condition="Window.IsVisible(Home)">Skin.SetString(submenu_action,$VAR[value_menu50115.action])</onclick>
	<visible>![IsEmpty(skin.string(menu50115.master)) | String.Contains(skin.string(menu50115.visible),off)] | Window.IsVisible(6000)</visible>
	</item>
	</content>
	</control>
	<include condition="Window.IsVisible(6000)">Glass</include>
	</control>
	</control>
	</controls>
	</window>