	<!-- Aeon MQ 5 -->

	<window id="6507" type="dialog"><!-- Addon 7 -->
	<defaultcontrol>-</defaultcontrol>
	<include>SubMenuCommon</include>
	<controls>
	<control type="group">
	<include condition="Window.IsVisible(6000)">MenuCustom</include>
	<control type="group"><!-- default group -->
	<include>Animation_SubMenu</include>
	<include condition="Window.IsVisible(6000)">SubmenuGoTo</include>
	<include condition="Window.IsVisible(Home)">SubMenuDefault</include>
	<control type="panel" id="9000">
	<include condition="Window.IsVisible(6000)">SubmenuVList</include>
	<include condition="Window.IsVisible(Home)">SubmenuHList</include>
	<content>
	<item>
	<label fallback="31014">$VAR[value_menu50701.label]</label>
	<property name="condition">$INFO[skin.string(menu50701.visible)]</property>
	<property name="name">menu50701</property>
	<property name="id">$INFO[skin.string(menu50701.master)]</property>
	<onclick condition="Window.IsVisible(6000)">SetFocus(5000)</onclick>
	<onclick condition="Window.IsVisible(Home)">Dialog.Close(6507)</onclick>
	<onclick condition="Window.IsVisible(Home)">Skin.SetString(submenu_action,$VAR[value_menu50701.action])</onclick>
	<visible>![IsEmpty(skin.string(menu50701.master)) | String.Contains(skin.string(menu50701.visible),off)] | Window.IsVisible(6000)</visible>
	</item>
	<item>
	<label fallback="31014">$VAR[value_menu50702.label]</label>
	<property name="condition">$INFO[skin.string(menu50702.visible)]</property>
	<property name="name">menu50702</property>
	<property name="id">$INFO[skin.string(menu50702.master)]</property>
	<onclick condition="Window.IsVisible(6000)">SetFocus(5000)</onclick>
	<onclick condition="Window.IsVisible(Home)">Dialog.Close(6507)</onclick>
	<onclick condition="Window.IsVisible(Home)">Skin.SetString(submenu_action,$VAR[value_menu50702.action])</onclick>
	<visible>![IsEmpty(skin.string(menu50702.master)) | String.Contains(skin.string(menu50702.visible),off)] | Window.IsVisible(6000)</visible>
	</item>
	<item>
	<label fallback="31014">$VAR[value_menu50703.label]</label>
	<property name="condition">$INFO[skin.string(menu50703.visible)]</property>
	<property name="name">menu50703</property>
	<property name="id">$INFO[skin.string(menu50703.master)]</property>
	<onclick condition="Window.IsVisible(6000)">SetFocus(5000)</onclick>
	<onclick condition="Window.IsVisible(Home)">Dialog.Close(6507)</onclick>
	<onclick condition="Window.IsVisible(Home)">Skin.SetString(submenu_action,$VAR[value_menu50703.action])</onclick>
	<visible>![IsEmpty(skin.string(menu50703.master)) | String.Contains(skin.string(menu50703.visible),off)] | Window.IsVisible(6000)</visible>
	</item>
	<item>
	<label fallback="31014">$VAR[value_menu50704.label]</label>
	<property name="condition">$INFO[skin.string(menu50704.visible)]</property>
	<property name="name">menu50704</property>
	<property name="id">$INFO[skin.string(menu50704.master)]</property>
	<onclick condition="Window.IsVisible(6000)">SetFocus(5000)</onclick>
	<onclick condition="Window.IsVisible(Home)">Dialog.Close(6507)</onclick>
	<onclick condition="Window.IsVisible(Home)">Skin.SetString(submenu_action,$VAR[value_menu50704.action])</onclick>
	<visible>![IsEmpty(skin.string(menu50704.master)) | String.Contains(skin.string(menu50704.visible),off)] | Window.IsVisible(6000)</visible>
	</item>
	<item>
	<label fallback="31014">$VAR[value_menu50705.label]</label>
	<property name="condition">$INFO[skin.string(menu50705.visible)]</property>
	<property name="name">menu50705</property>
	<property name="id">$INFO[skin.string(menu50705.master)]</property>
	<onclick condition="Window.IsVisible(6000)">SetFocus(5000)</onclick>
	<onclick condition="Window.IsVisible(Home)">Dialog.Close(6507)</onclick>
	<onclick condition="Window.IsVisible(Home)">Skin.SetString(submenu_action,$VAR[value_menu50705.action])</onclick>
	<visible>![IsEmpty(skin.string(menu50705.master)) | String.Contains(skin.string(menu50705.visible),off)] | Window.IsVisible(6000)</visible>
	</item>
	<item>
	<label fallback="31014">$VAR[value_menu50706.label]</label>
	<property name="condition">$INFO[skin.string(menu50706.visible)]</property>
	<property name="name">menu50706</property>
	<property name="id">$INFO[skin.string(menu50706.master)]</property>
	<onclick condition="Window.IsVisible(6000)">SetFocus(5000)</onclick>
	<onclick condition="Window.IsVisible(Home)">Dialog.Close(6507)</onclick>
	<onclick condition="Window.IsVisible(Home)">Skin.SetString(submenu_action,$VAR[value_menu50706.action])</onclick>
	<visible>![IsEmpty(skin.string(menu50706.master)) | String.Contains(skin.string(menu50706.visible),off)] | Window.IsVisible(6000)</visible>
	</item>
	<item>
	<label fallback="31014">$VAR[value_menu50707.label]</label>
	<property name="condition">$INFO[skin.string(menu50707.visible)]</property>
	<property name="name">menu50707</property>
	<property name="id">$INFO[skin.string(menu50707.master)]</property>
	<onclick condition="Window.IsVisible(6000)">SetFocus(5000)</onclick>
	<onclick condition="Window.IsVisible(Home)">Dialog.Close(6507)</onclick>
	<onclick condition="Window.IsVisible(Home)">Skin.SetString(submenu_action,$VAR[value_menu50707.action])</onclick>
	<visible>![IsEmpty(skin.string(menu50707.master)) | String.Contains(skin.string(menu50707.visible),off)] | Window.IsVisible(6000)</visible>
	</item>
	<item>
	<label fallback="31014">$VAR[value_menu50708.label]</label>
	<property name="condition">$INFO[skin.string(menu50708.visible)]</property>
	<property name="name">menu50708</property>
	<property name="id">$INFO[skin.string(menu50708.master)]</property>
	<onclick condition="Window.IsVisible(6000)">SetFocus(5000)</onclick>
	<onclick condition="Window.IsVisible(Home)">Dialog.Close(6507)</onclick>
	<onclick condition="Window.IsVisible(Home)">Skin.SetString(submenu_action,$VAR[value_menu50708.action])</onclick>
	<visible>![IsEmpty(skin.string(menu50708.master)) | String.Contains(skin.string(menu50708.visible),off)] | Window.IsVisible(6000)</visible>
	</item>
	<item>
	<label fallback="31014">$VAR[value_menu50709.label]</label>
	<property name="condition">$INFO[skin.string(menu50709.visible)]</property>
	<property name="name">menu50709</property>
	<property name="id">$INFO[skin.string(menu50709.master)]</property>
	<onclick condition="Window.IsVisible(6000)">SetFocus(5000)</onclick>
	<onclick condition="Window.IsVisible(Home)">Dialog.Close(6507)</onclick>
	<onclick condition="Window.IsVisible(Home)">Skin.SetString(submenu_action,$VAR[value_menu50709.action])</onclick>
	<visible>![IsEmpty(skin.string(menu50709.master)) | String.Contains(skin.string(menu50709.visible),off)] | Window.IsVisible(6000)</visible>
	</item>
	<item>
	<label fallback="31014">$VAR[value_menu50710.label]</label>
	<property name="condition">$INFO[skin.string(menu50710.visible)]</property>
	<property name="name">menu50710</property>
	<property name="id">$INFO[skin.string(menu50710.master)]</property>
	<onclick condition="Window.IsVisible(6000)">SetFocus(5000)</onclick>
	<onclick condition="Window.IsVisible(Home)">Dialog.Close(6507)</onclick>
	<onclick condition="Window.IsVisible(Home)">Skin.SetString(submenu_action,$VAR[value_menu50710.action])</onclick>
	<visible>![IsEmpty(skin.string(menu50710.master)) | String.Contains(skin.string(menu50710.visible),off)] | Window.IsVisible(6000)</visible>
	</item>
	<item>
	<label fallback="31014">$VAR[value_menu50711.label]</label>
	<property name="condition">$INFO[skin.string(menu50711.visible)]</property>
	<property name="name">menu50711</property>
	<property name="id">$INFO[skin.string(menu50711.master)]</property>
	<onclick condition="Window.IsVisible(6000)">SetFocus(5000)</onclick>
	<onclick condition="Window.IsVisible(Home)">Dialog.Close(6507)</onclick>
	<onclick condition="Window.IsVisible(Home)">Skin.SetString(submenu_action,$VAR[value_menu50711.action])</onclick>
	<visible>![IsEmpty(skin.string(menu50711.master)) | String.Contains(skin.string(menu50711.visible),off)] | Window.IsVisible(6000)</visible>
	</item>
	<item>
	<label fallback="31014">$VAR[value_menu50712.label]</label>
	<property name="condition">$INFO[skin.string(menu50712.visible)]</property>
	<property name="name">menu50712</property>
	<property name="id">$INFO[skin.string(menu50712.master)]</property>
	<onclick condition="Window.IsVisible(6000)">SetFocus(5000)</onclick>
	<onclick condition="Window.IsVisible(Home)">Dialog.Close(6507)</onclick>
	<onclick condition="Window.IsVisible(Home)">Skin.SetString(submenu_action,$VAR[value_menu50712.action])</onclick>
	<visible>![IsEmpty(skin.string(menu50712.master)) | String.Contains(skin.string(menu50712.visible),off)] | Window.IsVisible(6000)</visible>
	</item>
	<item>
	<label fallback="31014">$VAR[value_menu50713.label]</label>
	<property name="condition">$INFO[skin.string(menu50713.visible)]</property>
	<property name="name">menu50713</property>
	<property name="id">$INFO[skin.string(menu50713.master)]</property>
	<onclick condition="Window.IsVisible(6000)">SetFocus(5000)</onclick>
	<onclick condition="Window.IsVisible(Home)">Dialog.Close(6507)</onclick>
	<onclick condition="Window.IsVisible(Home)">Skin.SetString(submenu_action,$VAR[value_menu50713.action])</onclick>
	<visible>![IsEmpty(skin.string(menu50713.master)) | String.Contains(skin.string(menu50713.visible),off)] | Window.IsVisible(6000)</visible>
	</item>
	<item>
	<label fallback="31014">$VAR[value_menu50714.label]</label>
	<property name="condition">$INFO[skin.string(menu50714.visible)]</property>
	<property name="name">menu50714</property>
	<property name="id">$INFO[skin.string(menu50714.master)]</property>
	<onclick condition="Window.IsVisible(6000)">SetFocus(5000)</onclick>
	<onclick condition="Window.IsVisible(Home)">Dialog.Close(6507)</onclick>
	<onclick condition="Window.IsVisible(Home)">Skin.SetString(submenu_action,$VAR[value_menu50714.action])</onclick>
	<visible>![IsEmpty(skin.string(menu50714.master)) | String.Contains(skin.string(menu50714.visible),off)] | Window.IsVisible(6000)</visible>
	</item>
	<item>
	<label fallback="31014">$VAR[value_menu50715.label]</label>
	<property name="condition">$INFO[skin.string(menu50715.visible)]</property>
	<property name="name">menu50715</property>
	<property name="id">$INFO[skin.string(menu50715.master)]</property>
	<onclick condition="Window.IsVisible(6000)">SetFocus(5000)</onclick>
	<onclick condition="Window.IsVisible(Home)">Dialog.Close(6507)</onclick>
	<onclick condition="Window.IsVisible(Home)">Skin.SetString(submenu_action,$VAR[value_menu50715.action])</onclick>
	<visible>![IsEmpty(skin.string(menu50715.master)) | String.Contains(skin.string(menu50715.visible),off)] | Window.IsVisible(6000)</visible>
	</item>
	</content>
	</control>
	<include condition="Window.IsVisible(6000)">Glass</include>
	</control>
	</control>
	</controls>
	</window>