	<!-- Aeon MQ 5 -->

	<window id="6312" type="dialog"><!-- Vnode 12 -->
	<defaultcontrol>-</defaultcontrol>
	<include>SubMenuCommon</include>
	<controls>
	<control type="group">
	<include condition="Window.IsVisible(6000)">MenuCustom</include>
	<control type="group"><!-- default group -->
	<include>Animation_SubMenu</include>
	<include condition="Window.IsVisible(6000)">SubmenuGoTo</include>
	<include condition="Window.IsVisible(Home)">SubMenuDefault</include>
	<control type="panel" id="9000">
	<include condition="Window.IsVisible(6000)">SubmenuVList</include>
	<include condition="Window.IsVisible(Home)">SubmenuHList</include>
	<content>
	<item>
	<label fallback="31014">$VAR[value_menu31201.label]</label>
	<property name="condition">$INFO[skin.string(menu31201.visible)]</property>
	<property name="name">menu31201</property>
	<property name="id">$INFO[skin.string(menu31201.master)]</property>
	<onclick condition="Window.IsVisible(6000)">SetFocus(5000)</onclick>
	<onclick condition="Window.IsVisible(Home)">Dialog.Close(6312)</onclick>
	<onclick condition="Window.IsVisible(Home)">Skin.SetString(submenu_action,$VAR[value_menu31201.action])</onclick>
	<visible>![IsEmpty(skin.string(menu31201.master)) | String.Contains(skin.string(menu31201.visible),off)] | Window.IsVisible(6000)</visible>
	</item>
	<item>
	<label fallback="31014">$VAR[value_menu31202.label]</label>
	<property name="condition">$INFO[skin.string(menu31202.visible)]</property>
	<property name="name">menu31202</property>
	<property name="id">$INFO[skin.string(menu31202.master)]</property>
	<onclick condition="Window.IsVisible(6000)">SetFocus(5000)</onclick>
	<onclick condition="Window.IsVisible(Home)">Dialog.Close(6312)</onclick>
	<onclick condition="Window.IsVisible(Home)">Skin.SetString(submenu_action,$VAR[value_menu31202.action])</onclick>
	<visible>![IsEmpty(skin.string(menu31202.master)) | String.Contains(skin.string(menu31202.visible),off)] | Window.IsVisible(6000)</visible>
	</item>
	<item>
	<label fallback="31014">$VAR[value_menu31203.label]</label>
	<property name="condition">$INFO[skin.string(menu31203.visible)]</property>
	<property name="name">menu31203</property>
	<property name="id">$INFO[skin.string(menu31203.master)]</property>
	<onclick condition="Window.IsVisible(6000)">SetFocus(5000)</onclick>
	<onclick condition="Window.IsVisible(Home)">Dialog.Close(6312)</onclick>
	<onclick condition="Window.IsVisible(Home)">Skin.SetString(submenu_action,$VAR[value_menu31203.action])</onclick>
	<visible>![IsEmpty(skin.string(menu31203.master)) | String.Contains(skin.string(menu31203.visible),off)] | Window.IsVisible(6000)</visible>
	</item>
	<item>
	<label fallback="31014">$VAR[value_menu31204.label]</label>
	<property name="condition">$INFO[skin.string(menu31204.visible)]</property>
	<property name="name">menu31204</property>
	<property name="id">$INFO[skin.string(menu31204.master)]</property>
	<onclick condition="Window.IsVisible(6000)">SetFocus(5000)</onclick>
	<onclick condition="Window.IsVisible(Home)">Dialog.Close(6312)</onclick>
	<onclick condition="Window.IsVisible(Home)">Skin.SetString(submenu_action,$VAR[value_menu31204.action])</onclick>
	<visible>![IsEmpty(skin.string(menu31204.master)) | String.Contains(skin.string(menu31204.visible),off)] | Window.IsVisible(6000)</visible>
	</item>
	<item>
	<label fallback="31014">$VAR[value_menu31205.label]</label>
	<property name="condition">$INFO[skin.string(menu31205.visible)]</property>
	<property name="name">menu31205</property>
	<property name="id">$INFO[skin.string(menu31205.master)]</property>
	<onclick condition="Window.IsVisible(6000)">SetFocus(5000)</onclick>
	<onclick condition="Window.IsVisible(Home)">Dialog.Close(6312)</onclick>
	<onclick condition="Window.IsVisible(Home)">Skin.SetString(submenu_action,$VAR[value_menu31205.action])</onclick>
	<visible>![IsEmpty(skin.string(menu31205.master)) | String.Contains(skin.string(menu31205.visible),off)] | Window.IsVisible(6000)</visible>
	</item>
	<item>
	<label fallback="31014">$VAR[value_menu31206.label]</label>
	<property name="condition">$INFO[skin.string(menu31206.visible)]</property>
	<property name="name">menu31206</property>
	<property name="id">$INFO[skin.string(menu31206.master)]</property>
	<onclick condition="Window.IsVisible(6000)">SetFocus(5000)</onclick>
	<onclick condition="Window.IsVisible(Home)">Dialog.Close(6312)</onclick>
	<onclick condition="Window.IsVisible(Home)">Skin.SetString(submenu_action,$VAR[value_menu31206.action])</onclick>
	<visible>![IsEmpty(skin.string(menu31206.master)) | String.Contains(skin.string(menu31206.visible),off)] | Window.IsVisible(6000)</visible>
	</item>
	<item>
	<label fallback="31014">$VAR[value_menu31207.label]</label>
	<property name="condition">$INFO[skin.string(menu31207.visible)]</property>
	<property name="name">menu31207</property>
	<property name="id">$INFO[skin.string(menu31207.master)]</property>
	<onclick condition="Window.IsVisible(6000)">SetFocus(5000)</onclick>
	<onclick condition="Window.IsVisible(Home)">Dialog.Close(6312)</onclick>
	<onclick condition="Window.IsVisible(Home)">Skin.SetString(submenu_action,$VAR[value_menu31207.action])</onclick>
	<visible>![IsEmpty(skin.string(menu31207.master)) | String.Contains(skin.string(menu31207.visible),off)] | Window.IsVisible(6000)</visible>
	</item>
	<item>
	<label fallback="31014">$VAR[value_menu31208.label]</label>
	<property name="condition">$INFO[skin.string(menu31208.visible)]</property>
	<property name="name">menu31208</property>
	<property name="id">$INFO[skin.string(menu31208.master)]</property>
	<onclick condition="Window.IsVisible(6000)">SetFocus(5000)</onclick>
	<onclick condition="Window.IsVisible(Home)">Dialog.Close(6312)</onclick>
	<onclick condition="Window.IsVisible(Home)">Skin.SetString(submenu_action,$VAR[value_menu31208.action])</onclick>
	<visible>![IsEmpty(skin.string(menu31208.master)) | String.Contains(skin.string(menu31208.visible),off)] | Window.IsVisible(6000)</visible>
	</item>
	<item>
	<label fallback="31014">$VAR[value_menu31209.label]</label>
	<property name="condition">$INFO[skin.string(menu31209.visible)]</property>
	<property name="name">menu31209</property>
	<property name="id">$INFO[skin.string(menu31209.master)]</property>
	<onclick condition="Window.IsVisible(6000)">SetFocus(5000)</onclick>
	<onclick condition="Window.IsVisible(Home)">Dialog.Close(6312)</onclick>
	<onclick condition="Window.IsVisible(Home)">Skin.SetString(submenu_action,$VAR[value_menu31209.action])</onclick>
	<visible>![IsEmpty(skin.string(menu31209.master)) | String.Contains(skin.string(menu31209.visible),off)] | Window.IsVisible(6000)</visible>
	</item>
	<item>
	<label fallback="31014">$VAR[value_menu31210.label]</label>
	<property name="condition">$INFO[skin.string(menu31210.visible)]</property>
	<property name="name">menu31210</property>
	<property name="id">$INFO[skin.string(menu31210.master)]</property>
	<onclick condition="Window.IsVisible(6000)">SetFocus(5000)</onclick>
	<onclick condition="Window.IsVisible(Home)">Dialog.Close(6312)</onclick>
	<onclick condition="Window.IsVisible(Home)">Skin.SetString(submenu_action,$VAR[value_menu31210.action])</onclick>
	<visible>![IsEmpty(skin.string(menu31210.master)) | String.Contains(skin.string(menu31210.visible),off)] | Window.IsVisible(6000)</visible>
	</item>
	<item>
	<label fallback="31014">$VAR[value_menu31211.label]</label>
	<property name="condition">$INFO[skin.string(menu31211.visible)]</property>
	<property name="name">menu31211</property>
	<property name="id">$INFO[skin.string(menu31211.master)]</property>
	<onclick condition="Window.IsVisible(6000)">SetFocus(5000)</onclick>
	<onclick condition="Window.IsVisible(Home)">Dialog.Close(6312)</onclick>
	<onclick condition="Window.IsVisible(Home)">Skin.SetString(submenu_action,$VAR[value_menu31211.action])</onclick>
	<visible>![IsEmpty(skin.string(menu31211.master)) | String.Contains(skin.string(menu31211.visible),off)] | Window.IsVisible(6000)</visible>
	</item>
	<item>
	<label fallback="31014">$VAR[value_menu31212.label]</label>
	<property name="condition">$INFO[skin.string(menu31212.visible)]</property>
	<property name="name">menu31212</property>
	<property name="id">$INFO[skin.string(menu31212.master)]</property>
	<onclick condition="Window.IsVisible(6000)">SetFocus(5000)</onclick>
	<onclick condition="Window.IsVisible(Home)">Dialog.Close(6312)</onclick>
	<onclick condition="Window.IsVisible(Home)">Skin.SetString(submenu_action,$VAR[value_menu31212.action])</onclick>
	<visible>![IsEmpty(skin.string(menu31212.master)) | String.Contains(skin.string(menu31212.visible),off)] | Window.IsVisible(6000)</visible>
	</item>
	<item>
	<label fallback="31014">$VAR[value_menu31213.label]</label>
	<property name="condition">$INFO[skin.string(menu31213.visible)]</property>
	<property name="name">menu31213</property>
	<property name="id">$INFO[skin.string(menu31213.master)]</property>
	<onclick condition="Window.IsVisible(6000)">SetFocus(5000)</onclick>
	<onclick condition="Window.IsVisible(Home)">Dialog.Close(6312)</onclick>
	<onclick condition="Window.IsVisible(Home)">Skin.SetString(submenu_action,$VAR[value_menu31213.action])</onclick>
	<visible>![IsEmpty(skin.string(menu31213.master)) | String.Contains(skin.string(menu31213.visible),off)] | Window.IsVisible(6000)</visible>
	</item>
	<item>
	<label fallback="31014">$VAR[value_menu31214.label]</label>
	<property name="condition">$INFO[skin.string(menu31214.visible)]</property>
	<property name="name">menu31214</property>
	<property name="id">$INFO[skin.string(menu31214.master)]</property>
	<onclick condition="Window.IsVisible(6000)">SetFocus(5000)</onclick>
	<onclick condition="Window.IsVisible(Home)">Dialog.Close(6312)</onclick>
	<onclick condition="Window.IsVisible(Home)">Skin.SetString(submenu_action,$VAR[value_menu31214.action])</onclick>
	<visible>![IsEmpty(skin.string(menu31214.master)) | String.Contains(skin.string(menu31214.visible),off)] | Window.IsVisible(6000)</visible>
	</item>
	<item>
	<label fallback="31014">$VAR[value_menu31215.label]</label>
	<property name="condition">$INFO[skin.string(menu31215.visible)]</property>
	<property name="name">menu31215</property>
	<property name="id">$INFO[skin.string(menu31215.master)]</property>
	<onclick condition="Window.IsVisible(6000)">SetFocus(5000)</onclick>
	<onclick condition="Window.IsVisible(Home)">Dialog.Close(6312)</onclick>
	<onclick condition="Window.IsVisible(Home)">Skin.SetString(submenu_action,$VAR[value_menu31215.action])</onclick>
	<visible>![IsEmpty(skin.string(menu31215.master)) | String.Contains(skin.string(menu31215.visible),off)] | Window.IsVisible(6000)</visible>
	</item>
	</content>
	</control>
	<include condition="Window.IsVisible(6000)">Glass</include>
	</control>
	</control>
	</controls>
	</window>