	<!-- Aeon MQ 5 -->

	<window id="6521" type="dialog"><!-- Presets -->
	<defaultcontrol>-</defaultcontrol>
	<include>SubMenuCommon</include>
	<controls>
	<control type="group">
	<include condition="Window.IsVisible(6000)">MenuCustom</include>
	<control type="group"><!-- default group -->
	<include>Animation_SubMenu</include>
	<include condition="Window.IsVisible(6000)">SubmenuGoTo</include>
	<include condition="Window.IsVisible(Home)">SubMenuDefault</include>
	<control type="panel" id="9000">
	<include condition="Window.IsVisible(6000)">SubmenuVList</include>
	<include condition="Window.IsVisible(Home)">SubmenuHList</include>
	<content>
	<item>
	<label fallback="31014">$VAR[value_menu52021.label]</label>
	<property name="condition">$INFO[skin.string(menu52021.visible)]</property>
	<property name="name">menu52021</property>
	<property name="id">$INFO[skin.string(menu52021.master)]</property>
	<onclick condition="Window.IsVisible(6000)">SetFocus(5000)</onclick>
	<onclick condition="Window.IsVisible(Home)">Dialog.Close(6521)</onclick>
	<onclick condition="Window.IsVisible(Home)">Skin.SetString(submenu_action,$VAR[value_menu52021.action])</onclick>
	<visible>![IsEmpty(skin.string(menu52021.master)) | String.Contains(skin.string(menu52021.visible),off)] | Window.IsVisible(6000)</visible>
	</item>
	<item>
	<label fallback="31014">$VAR[value_menu52022.label]</label>
	<property name="condition">$INFO[skin.string(menu52022.visible)]</property>
	<property name="name">menu52022</property>
	<property name="id">$INFO[skin.string(menu52022.master)]</property>
	<onclick condition="Window.IsVisible(6000)">SetFocus(5000)</onclick>
	<onclick condition="Window.IsVisible(Home)">Dialog.Close(6521)</onclick>
	<onclick condition="Window.IsVisible(Home)">Skin.SetString(submenu_action,$VAR[value_menu52022.action])</onclick>
	<visible>![IsEmpty(skin.string(menu52022.master)) | String.Contains(skin.string(menu52022.visible),off)] | Window.IsVisible(6000)</visible>
	</item>
	<item>
	<label fallback="31014">$VAR[value_menu52023.label]</label>
	<property name="condition">$INFO[skin.string(menu52023.visible)]</property>
	<property name="name">menu52023</property>
	<property name="id">$INFO[skin.string(menu52023.master)]</property>
	<onclick condition="Window.IsVisible(6000)">SetFocus(5000)</onclick>
	<onclick condition="Window.IsVisible(Home)">Dialog.Close(6521)</onclick>
	<onclick condition="Window.IsVisible(Home)">Skin.SetString(submenu_action,$VAR[value_menu52023.action])</onclick>
	<visible>![IsEmpty(skin.string(menu52023.master)) | String.Contains(skin.string(menu52023.visible),off)] | Window.IsVisible(6000)</visible>
	</item>
	<item>
	<label fallback="31014">$VAR[value_menu52024.label]</label>
	<property name="condition">$INFO[skin.string(menu52024.visible)]</property>
	<property name="name">menu52024</property>
	<property name="id">$INFO[skin.string(menu52024.master)]</property>
	<onclick condition="Window.IsVisible(6000)">SetFocus(5000)</onclick>
	<onclick condition="Window.IsVisible(Home)">Dialog.Close(6521)</onclick>
	<onclick condition="Window.IsVisible(Home)">Skin.SetString(submenu_action,$VAR[value_menu52024.action])</onclick>
	<visible>![IsEmpty(skin.string(menu52024.master)) | String.Contains(skin.string(menu52024.visible),off)] | Window.IsVisible(6000)</visible>
	</item>
	<item>
	<label fallback="31014">$VAR[value_menu52025.label]</label>
	<property name="condition">$INFO[skin.string(menu52025.visible)]</property>
	<property name="name">menu52025</property>
	<property name="id">$INFO[skin.string(menu52025.master)]</property>
	<onclick condition="Window.IsVisible(6000)">SetFocus(5000)</onclick>
	<onclick condition="Window.IsVisible(Home)">Dialog.Close(6521)</onclick>
	<onclick condition="Window.IsVisible(Home)">Skin.SetString(submenu_action,$VAR[value_menu52025.action])</onclick>
	<visible>![IsEmpty(skin.string(menu52025.master)) | String.Contains(skin.string(menu52025.visible),off)] | Window.IsVisible(6000)</visible>
	</item>
	</content>
	</control>
	<include condition="Window.IsVisible(6000)">Glass</include>
	</control>
	</control>
	</controls>
	</window>