	<!-- Aeon MQ 5 -->

	<window id="6511" type="dialog"><!-- Addon 11 -->
	<defaultcontrol>-</defaultcontrol>
	<include>SubMenuCommon</include>
	<controls>
	<control type="group">
	<include condition="Window.IsVisible(6000)">MenuCustom</include>
	<control type="group"><!-- default group -->
	<include>Animation_SubMenu</include>
	<include condition="Window.IsVisible(6000)">SubmenuGoTo</include>
	<include condition="Window.IsVisible(Home)">SubMenuDefault</include>
	<control type="panel" id="9000">
	<include condition="Window.IsVisible(6000)">SubmenuVList</include>
	<include condition="Window.IsVisible(Home)">SubmenuHList</include>
	<content>
	<item>
	<label fallback="31014">$VAR[value_menu51101.label]</label>
	<property name="condition">$INFO[skin.string(menu51101.visible)]</property>
	<property name="name">menu51101</property>
	<property name="id">$INFO[skin.string(menu51101.master)]</property>
	<onclick condition="Window.IsVisible(6000)">SetFocus(5000)</onclick>
	<onclick condition="Window.IsVisible(Home)">Dialog.Close(6511)</onclick>
	<onclick condition="Window.IsVisible(Home)">Skin.SetString(submenu_action,$VAR[value_menu51101.action])</onclick>
	<visible>![IsEmpty(skin.string(menu51101.master)) | String.Contains(skin.string(menu51101.visible),off)] | Window.IsVisible(6000)</visible>
	</item>
	<item>
	<label fallback="31014">$VAR[value_menu51102.label]</label>
	<property name="condition">$INFO[skin.string(menu51102.visible)]</property>
	<property name="name">menu51102</property>
	<property name="id">$INFO[skin.string(menu51102.master)]</property>
	<onclick condition="Window.IsVisible(6000)">SetFocus(5000)</onclick>
	<onclick condition="Window.IsVisible(Home)">Dialog.Close(6511)</onclick>
	<onclick condition="Window.IsVisible(Home)">Skin.SetString(submenu_action,$VAR[value_menu51102.action])</onclick>
	<visible>![IsEmpty(skin.string(menu51102.master)) | String.Contains(skin.string(menu51102.visible),off)] | Window.IsVisible(6000)</visible>
	</item>
	<item>
	<label fallback="31014">$VAR[value_menu51103.label]</label>
	<property name="condition">$INFO[skin.string(menu51103.visible)]</property>
	<property name="name">menu51103</property>
	<property name="id">$INFO[skin.string(menu51103.master)]</property>
	<onclick condition="Window.IsVisible(6000)">SetFocus(5000)</onclick>
	<onclick condition="Window.IsVisible(Home)">Dialog.Close(6511)</onclick>
	<onclick condition="Window.IsVisible(Home)">Skin.SetString(submenu_action,$VAR[value_menu51103.action])</onclick>
	<visible>![IsEmpty(skin.string(menu51103.master)) | String.Contains(skin.string(menu51103.visible),off)] | Window.IsVisible(6000)</visible>
	</item>
	<item>
	<label fallback="31014">$VAR[value_menu51104.label]</label>
	<property name="condition">$INFO[skin.string(menu51104.visible)]</property>
	<property name="name">menu51104</property>
	<property name="id">$INFO[skin.string(menu51104.master)]</property>
	<onclick condition="Window.IsVisible(6000)">SetFocus(5000)</onclick>
	<onclick condition="Window.IsVisible(Home)">Dialog.Close(6511)</onclick>
	<onclick condition="Window.IsVisible(Home)">Skin.SetString(submenu_action,$VAR[value_menu51104.action])</onclick>
	<visible>![IsEmpty(skin.string(menu51104.master)) | String.Contains(skin.string(menu51104.visible),off)] | Window.IsVisible(6000)</visible>
	</item>
	<item>
	<label fallback="31014">$VAR[value_menu51105.label]</label>
	<property name="condition">$INFO[skin.string(menu51105.visible)]</property>
	<property name="name">menu51105</property>
	<property name="id">$INFO[skin.string(menu51105.master)]</property>
	<onclick condition="Window.IsVisible(6000)">SetFocus(5000)</onclick>
	<onclick condition="Window.IsVisible(Home)">Dialog.Close(6511)</onclick>
	<onclick condition="Window.IsVisible(Home)">Skin.SetString(submenu_action,$VAR[value_menu51105.action])</onclick>
	<visible>![IsEmpty(skin.string(menu51105.master)) | String.Contains(skin.string(menu51105.visible),off)] | Window.IsVisible(6000)</visible>
	</item>
	<item>
	<label fallback="31014">$VAR[value_menu51106.label]</label>
	<property name="condition">$INFO[skin.string(menu51106.visible)]</property>
	<property name="name">menu51106</property>
	<property name="id">$INFO[skin.string(menu51106.master)]</property>
	<onclick condition="Window.IsVisible(6000)">SetFocus(5000)</onclick>
	<onclick condition="Window.IsVisible(Home)">Dialog.Close(6511)</onclick>
	<onclick condition="Window.IsVisible(Home)">Skin.SetString(submenu_action,$VAR[value_menu51106.action])</onclick>
	<visible>![IsEmpty(skin.string(menu51106.master)) | String.Contains(skin.string(menu51106.visible),off)] | Window.IsVisible(6000)</visible>
	</item>
	<item>
	<label fallback="31014">$VAR[value_menu51107.label]</label>
	<property name="condition">$INFO[skin.string(menu51107.visible)]</property>
	<property name="name">menu51107</property>
	<property name="id">$INFO[skin.string(menu51107.master)]</property>
	<onclick condition="Window.IsVisible(6000)">SetFocus(5000)</onclick>
	<onclick condition="Window.IsVisible(Home)">Dialog.Close(6511)</onclick>
	<onclick condition="Window.IsVisible(Home)">Skin.SetString(submenu_action,$VAR[value_menu51107.action])</onclick>
	<visible>![IsEmpty(skin.string(menu51107.master)) | String.Contains(skin.string(menu51107.visible),off)] | Window.IsVisible(6000)</visible>
	</item>
	<item>
	<label fallback="31014">$VAR[value_menu51108.label]</label>
	<property name="condition">$INFO[skin.string(menu51108.visible)]</property>
	<property name="name">menu51108</property>
	<property name="id">$INFO[skin.string(menu51108.master)]</property>
	<onclick condition="Window.IsVisible(6000)">SetFocus(5000)</onclick>
	<onclick condition="Window.IsVisible(Home)">Dialog.Close(6511)</onclick>
	<onclick condition="Window.IsVisible(Home)">Skin.SetString(submenu_action,$VAR[value_menu51108.action])</onclick>
	<visible>![IsEmpty(skin.string(menu51108.master)) | String.Contains(skin.string(menu51108.visible),off)] | Window.IsVisible(6000)</visible>
	</item>
	<item>
	<label fallback="31014">$VAR[value_menu51109.label]</label>
	<property name="condition">$INFO[skin.string(menu51109.visible)]</property>
	<property name="name">menu51109</property>
	<property name="id">$INFO[skin.string(menu51109.master)]</property>
	<onclick condition="Window.IsVisible(6000)">SetFocus(5000)</onclick>
	<onclick condition="Window.IsVisible(Home)">Dialog.Close(6511)</onclick>
	<onclick condition="Window.IsVisible(Home)">Skin.SetString(submenu_action,$VAR[value_menu51109.action])</onclick>
	<visible>![IsEmpty(skin.string(menu51109.master)) | String.Contains(skin.string(menu51109.visible),off)] | Window.IsVisible(6000)</visible>
	</item>
	<item>
	<label fallback="31014">$VAR[value_menu51110.label]</label>
	<property name="condition">$INFO[skin.string(menu51110.visible)]</property>
	<property name="name">menu51110</property>
	<property name="id">$INFO[skin.string(menu51110.master)]</property>
	<onclick condition="Window.IsVisible(6000)">SetFocus(5000)</onclick>
	<onclick condition="Window.IsVisible(Home)">Dialog.Close(6511)</onclick>
	<onclick condition="Window.IsVisible(Home)">Skin.SetString(submenu_action,$VAR[value_menu51110.action])</onclick>
	<visible>![IsEmpty(skin.string(menu51110.master)) | String.Contains(skin.string(menu51110.visible),off)] | Window.IsVisible(6000)</visible>
	</item>
	<item>
	<label fallback="31014">$VAR[value_menu51111.label]</label>
	<property name="condition">$INFO[skin.string(menu51111.visible)]</property>
	<property name="name">menu51111</property>
	<property name="id">$INFO[skin.string(menu51111.master)]</property>
	<onclick condition="Window.IsVisible(6000)">SetFocus(5000)</onclick>
	<onclick condition="Window.IsVisible(Home)">Dialog.Close(6511)</onclick>
	<onclick condition="Window.IsVisible(Home)">Skin.SetString(submenu_action,$VAR[value_menu51111.action])</onclick>
	<visible>![IsEmpty(skin.string(menu51111.master)) | String.Contains(skin.string(menu51111.visible),off)] | Window.IsVisible(6000)</visible>
	</item>
	<item>
	<label fallback="31014">$VAR[value_menu51112.label]</label>
	<property name="condition">$INFO[skin.string(menu51112.visible)]</property>
	<property name="name">menu51112</property>
	<property name="id">$INFO[skin.string(menu51112.master)]</property>
	<onclick condition="Window.IsVisible(6000)">SetFocus(5000)</onclick>
	<onclick condition="Window.IsVisible(Home)">Dialog.Close(6511)</onclick>
	<onclick condition="Window.IsVisible(Home)">Skin.SetString(submenu_action,$VAR[value_menu51112.action])</onclick>
	<visible>![IsEmpty(skin.string(menu51112.master)) | String.Contains(skin.string(menu51112.visible),off)] | Window.IsVisible(6000)</visible>
	</item>
	<item>
	<label fallback="31014">$VAR[value_menu51113.label]</label>
	<property name="condition">$INFO[skin.string(menu51113.visible)]</property>
	<property name="name">menu51113</property>
	<property name="id">$INFO[skin.string(menu51113.master)]</property>
	<onclick condition="Window.IsVisible(6000)">SetFocus(5000)</onclick>
	<onclick condition="Window.IsVisible(Home)">Dialog.Close(6511)</onclick>
	<onclick condition="Window.IsVisible(Home)">Skin.SetString(submenu_action,$VAR[value_menu51113.action])</onclick>
	<visible>![IsEmpty(skin.string(menu51113.master)) | String.Contains(skin.string(menu51113.visible),off)] | Window.IsVisible(6000)</visible>
	</item>
	<item>
	<label fallback="31014">$VAR[value_menu51114.label]</label>
	<property name="condition">$INFO[skin.string(menu51114.visible)]</property>
	<property name="name">menu51114</property>
	<property name="id">$INFO[skin.string(menu51114.master)]</property>
	<onclick condition="Window.IsVisible(6000)">SetFocus(5000)</onclick>
	<onclick condition="Window.IsVisible(Home)">Dialog.Close(6511)</onclick>
	<onclick condition="Window.IsVisible(Home)">Skin.SetString(submenu_action,$VAR[value_menu51114.action])</onclick>
	<visible>![IsEmpty(skin.string(menu51114.master)) | String.Contains(skin.string(menu51114.visible),off)] | Window.IsVisible(6000)</visible>
	</item>
	<item>
	<label fallback="31014">$VAR[value_menu51115.label]</label>
	<property name="condition">$INFO[skin.string(menu51115.visible)]</property>
	<property name="name">menu51115</property>
	<property name="id">$INFO[skin.string(menu51115.master)]</property>
	<onclick condition="Window.IsVisible(6000)">SetFocus(5000)</onclick>
	<onclick condition="Window.IsVisible(Home)">Dialog.Close(6511)</onclick>
	<onclick condition="Window.IsVisible(Home)">Skin.SetString(submenu_action,$VAR[value_menu51115.action])</onclick>
	<visible>![IsEmpty(skin.string(menu51115.master)) | String.Contains(skin.string(menu51115.visible),off)] | Window.IsVisible(6000)</visible>
	</item>
	</content>
	</control>
	<include condition="Window.IsVisible(6000)">Glass</include>
	</control>
	</control>
	</controls>
	</window>