	<!-- Aeon MQ 5 -->

	<window id="6506" type="dialog"><!-- Addon 6 -->
	<defaultcontrol>-</defaultcontrol>
	<include>SubMenuCommon</include>
	<controls>
	<control type="group">
	<include condition="Window.IsVisible(6000)">MenuCustom</include>
	<control type="group"><!-- default group -->
	<include>Animation_SubMenu</include>
	<include condition="Window.IsVisible(6000)">SubmenuGoTo</include>
	<include condition="Window.IsVisible(Home)">SubMenuDefault</include>
	<control type="panel" id="9000">
	<include condition="Window.IsVisible(6000)">SubmenuVList</include>
	<include condition="Window.IsVisible(Home)">SubmenuHList</include>
	<content>
	<item>
	<label fallback="31014">$VAR[value_menu50601.label]</label>
	<property name="condition">$INFO[skin.string(menu50601.visible)]</property>
	<property name="name">menu50601</property>
	<property name="id">$INFO[skin.string(menu50601.master)]</property>
	<onclick condition="Window.IsVisible(6000)">SetFocus(5000)</onclick>
	<onclick condition="Window.IsVisible(Home)">Dialog.Close(6506)</onclick>
	<onclick condition="Window.IsVisible(Home)">Skin.SetString(submenu_action,$VAR[value_menu50601.action])</onclick>
	<visible>![IsEmpty(skin.string(menu50601.master)) | String.Contains(skin.string(menu50601.visible),off)] | Window.IsVisible(6000)</visible>
	</item>
	<item>
	<label fallback="31014">$VAR[value_menu50602.label]</label>
	<property name="condition">$INFO[skin.string(menu50602.visible)]</property>
	<property name="name">menu50602</property>
	<property name="id">$INFO[skin.string(menu50602.master)]</property>
	<onclick condition="Window.IsVisible(6000)">SetFocus(5000)</onclick>
	<onclick condition="Window.IsVisible(Home)">Dialog.Close(6506)</onclick>
	<onclick condition="Window.IsVisible(Home)">Skin.SetString(submenu_action,$VAR[value_menu50602.action])</onclick>
	<visible>![IsEmpty(skin.string(menu50602.master)) | String.Contains(skin.string(menu50602.visible),off)] | Window.IsVisible(6000)</visible>
	</item>
	<item>
	<label fallback="31014">$VAR[value_menu50603.label]</label>
	<property name="condition">$INFO[skin.string(menu50603.visible)]</property>
	<property name="name">menu50603</property>
	<property name="id">$INFO[skin.string(menu50603.master)]</property>
	<onclick condition="Window.IsVisible(6000)">SetFocus(5000)</onclick>
	<onclick condition="Window.IsVisible(Home)">Dialog.Close(6506)</onclick>
	<onclick condition="Window.IsVisible(Home)">Skin.SetString(submenu_action,$VAR[value_menu50603.action])</onclick>
	<visible>![IsEmpty(skin.string(menu50603.master)) | String.Contains(skin.string(menu50603.visible),off)] | Window.IsVisible(6000)</visible>
	</item>
	<item>
	<label fallback="31014">$VAR[value_menu50604.label]</label>
	<property name="condition">$INFO[skin.string(menu50604.visible)]</property>
	<property name="name">menu50604</property>
	<property name="id">$INFO[skin.string(menu50604.master)]</property>
	<onclick condition="Window.IsVisible(6000)">SetFocus(5000)</onclick>
	<onclick condition="Window.IsVisible(Home)">Dialog.Close(6506)</onclick>
	<onclick condition="Window.IsVisible(Home)">Skin.SetString(submenu_action,$VAR[value_menu50604.action])</onclick>
	<visible>![IsEmpty(skin.string(menu50604.master)) | String.Contains(skin.string(menu50604.visible),off)] | Window.IsVisible(6000)</visible>
	</item>
	<item>
	<label fallback="31014">$VAR[value_menu50605.label]</label>
	<property name="condition">$INFO[skin.string(menu50605.visible)]</property>
	<property name="name">menu50605</property>
	<property name="id">$INFO[skin.string(menu50605.master)]</property>
	<onclick condition="Window.IsVisible(6000)">SetFocus(5000)</onclick>
	<onclick condition="Window.IsVisible(Home)">Dialog.Close(6506)</onclick>
	<onclick condition="Window.IsVisible(Home)">Skin.SetString(submenu_action,$VAR[value_menu50605.action])</onclick>
	<visible>![IsEmpty(skin.string(menu50605.master)) | String.Contains(skin.string(menu50605.visible),off)] | Window.IsVisible(6000)</visible>
	</item>
	<item>
	<label fallback="31014">$VAR[value_menu50606.label]</label>
	<property name="condition">$INFO[skin.string(menu50606.visible)]</property>
	<property name="name">menu50606</property>
	<property name="id">$INFO[skin.string(menu50606.master)]</property>
	<onclick condition="Window.IsVisible(6000)">SetFocus(5000)</onclick>
	<onclick condition="Window.IsVisible(Home)">Dialog.Close(6506)</onclick>
	<onclick condition="Window.IsVisible(Home)">Skin.SetString(submenu_action,$VAR[value_menu50606.action])</onclick>
	<visible>![IsEmpty(skin.string(menu50606.master)) | String.Contains(skin.string(menu50606.visible),off)] | Window.IsVisible(6000)</visible>
	</item>
	<item>
	<label fallback="31014">$VAR[value_menu50607.label]</label>
	<property name="condition">$INFO[skin.string(menu50607.visible)]</property>
	<property name="name">menu50607</property>
	<property name="id">$INFO[skin.string(menu50607.master)]</property>
	<onclick condition="Window.IsVisible(6000)">SetFocus(5000)</onclick>
	<onclick condition="Window.IsVisible(Home)">Dialog.Close(6506)</onclick>
	<onclick condition="Window.IsVisible(Home)">Skin.SetString(submenu_action,$VAR[value_menu50607.action])</onclick>
	<visible>![IsEmpty(skin.string(menu50607.master)) | String.Contains(skin.string(menu50607.visible),off)] | Window.IsVisible(6000)</visible>
	</item>
	<item>
	<label fallback="31014">$VAR[value_menu50608.label]</label>
	<property name="condition">$INFO[skin.string(menu50608.visible)]</property>
	<property name="name">menu50608</property>
	<property name="id">$INFO[skin.string(menu50608.master)]</property>
	<onclick condition="Window.IsVisible(6000)">SetFocus(5000)</onclick>
	<onclick condition="Window.IsVisible(Home)">Dialog.Close(6506)</onclick>
	<onclick condition="Window.IsVisible(Home)">Skin.SetString(submenu_action,$VAR[value_menu50608.action])</onclick>
	<visible>![IsEmpty(skin.string(menu50608.master)) | String.Contains(skin.string(menu50608.visible),off)] | Window.IsVisible(6000)</visible>
	</item>
	<item>
	<label fallback="31014">$VAR[value_menu50609.label]</label>
	<property name="condition">$INFO[skin.string(menu50609.visible)]</property>
	<property name="name">menu50609</property>
	<property name="id">$INFO[skin.string(menu50609.master)]</property>
	<onclick condition="Window.IsVisible(6000)">SetFocus(5000)</onclick>
	<onclick condition="Window.IsVisible(Home)">Dialog.Close(6506)</onclick>
	<onclick condition="Window.IsVisible(Home)">Skin.SetString(submenu_action,$VAR[value_menu50609.action])</onclick>
	<visible>![IsEmpty(skin.string(menu50609.master)) | String.Contains(skin.string(menu50609.visible),off)] | Window.IsVisible(6000)</visible>
	</item>
	<item>
	<label fallback="31014">$VAR[value_menu50610.label]</label>
	<property name="condition">$INFO[skin.string(menu50610.visible)]</property>
	<property name="name">menu50610</property>
	<property name="id">$INFO[skin.string(menu50610.master)]</property>
	<onclick condition="Window.IsVisible(6000)">SetFocus(5000)</onclick>
	<onclick condition="Window.IsVisible(Home)">Dialog.Close(6506)</onclick>
	<onclick condition="Window.IsVisible(Home)">Skin.SetString(submenu_action,$VAR[value_menu50610.action])</onclick>
	<visible>![IsEmpty(skin.string(menu50610.master)) | String.Contains(skin.string(menu50610.visible),off)] | Window.IsVisible(6000)</visible>
	</item>
	<item>
	<label fallback="31014">$VAR[value_menu50611.label]</label>
	<property name="condition">$INFO[skin.string(menu50611.visible)]</property>
	<property name="name">menu50611</property>
	<property name="id">$INFO[skin.string(menu50611.master)]</property>
	<onclick condition="Window.IsVisible(6000)">SetFocus(5000)</onclick>
	<onclick condition="Window.IsVisible(Home)">Dialog.Close(6506)</onclick>
	<onclick condition="Window.IsVisible(Home)">Skin.SetString(submenu_action,$VAR[value_menu50611.action])</onclick>
	<visible>![IsEmpty(skin.string(menu50611.master)) | String.Contains(skin.string(menu50611.visible),off)] | Window.IsVisible(6000)</visible>
	</item>
	<item>
	<label fallback="31014">$VAR[value_menu50612.label]</label>
	<property name="condition">$INFO[skin.string(menu50612.visible)]</property>
	<property name="name">menu50612</property>
	<property name="id">$INFO[skin.string(menu50612.master)]</property>
	<onclick condition="Window.IsVisible(6000)">SetFocus(5000)</onclick>
	<onclick condition="Window.IsVisible(Home)">Dialog.Close(6506)</onclick>
	<onclick condition="Window.IsVisible(Home)">Skin.SetString(submenu_action,$VAR[value_menu50612.action])</onclick>
	<visible>![IsEmpty(skin.string(menu50612.master)) | String.Contains(skin.string(menu50612.visible),off)] | Window.IsVisible(6000)</visible>
	</item>
	<item>
	<label fallback="31014">$VAR[value_menu50613.label]</label>
	<property name="condition">$INFO[skin.string(menu50613.visible)]</property>
	<property name="name">menu50613</property>
	<property name="id">$INFO[skin.string(menu50613.master)]</property>
	<onclick condition="Window.IsVisible(6000)">SetFocus(5000)</onclick>
	<onclick condition="Window.IsVisible(Home)">Dialog.Close(6506)</onclick>
	<onclick condition="Window.IsVisible(Home)">Skin.SetString(submenu_action,$VAR[value_menu50613.action])</onclick>
	<visible>![IsEmpty(skin.string(menu50613.master)) | String.Contains(skin.string(menu50613.visible),off)] | Window.IsVisible(6000)</visible>
	</item>
	<item>
	<label fallback="31014">$VAR[value_menu50614.label]</label>
	<property name="condition">$INFO[skin.string(menu50614.visible)]</property>
	<property name="name">menu50614</property>
	<property name="id">$INFO[skin.string(menu50614.master)]</property>
	<onclick condition="Window.IsVisible(6000)">SetFocus(5000)</onclick>
	<onclick condition="Window.IsVisible(Home)">Dialog.Close(6506)</onclick>
	<onclick condition="Window.IsVisible(Home)">Skin.SetString(submenu_action,$VAR[value_menu50614.action])</onclick>
	<visible>![IsEmpty(skin.string(menu50614.master)) | String.Contains(skin.string(menu50614.visible),off)] | Window.IsVisible(6000)</visible>
	</item>
	<item>
	<label fallback="31014">$VAR[value_menu50615.label]</label>
	<property name="condition">$INFO[skin.string(menu50615.visible)]</property>
	<property name="name">menu50615</property>
	<property name="id">$INFO[skin.string(menu50615.master)]</property>
	<onclick condition="Window.IsVisible(6000)">SetFocus(5000)</onclick>
	<onclick condition="Window.IsVisible(Home)">Dialog.Close(6506)</onclick>
	<onclick condition="Window.IsVisible(Home)">Skin.SetString(submenu_action,$VAR[value_menu50615.action])</onclick>
	<visible>![IsEmpty(skin.string(menu50615.master)) | String.Contains(skin.string(menu50615.visible),off)] | Window.IsVisible(6000)</visible>
	</item>
	</content>
	</control>
	<include condition="Window.IsVisible(6000)">Glass</include>
	</control>
	</control>
	</controls>
	</window>