	<!-- Aeon MQ 5 -->

	<window id="6212" type="dialog"><!-- A-Playlist 12 -->
	<defaultcontrol>-</defaultcontrol>
	<include>SubMenuCommon</include>
	<controls>
	<control type="group">
	<include condition="Window.IsVisible(6000)">MenuCustom</include>
	<control type="group"><!-- default group -->
	<include>Animation_SubMenu</include>
	<include condition="Window.IsVisible(6000)">SubmenuGoTo</include>
	<include condition="Window.IsVisible(Home)">SubMenuDefault</include>
	<control type="panel" id="9000">
	<include condition="Window.IsVisible(6000)">SubmenuVList</include>
	<include condition="Window.IsVisible(Home)">SubmenuHList</include>
	<content>
	<item>
	<label fallback="31014">$VAR[value_menu21201.label]</label>
	<property name="condition">$INFO[skin.string(menu21201.visible)]</property>
	<property name="name">menu21201</property>
	<property name="id">$INFO[skin.string(menu21201.master)]</property>
	<onclick condition="Window.IsVisible(6000)">SetFocus(5000)</onclick>
	<onclick condition="Window.IsVisible(Home)">Dialog.Close(6212)</onclick>
	<onclick condition="Window.IsVisible(Home)">Skin.SetString(submenu_action,$VAR[value_menu21201.action])</onclick>
	<visible>![IsEmpty(skin.string(menu21201.master)) | String.Contains(skin.string(menu21201.visible),off)] | Window.IsVisible(6000)</visible>
	</item>
	<item>
	<label fallback="31014">$VAR[value_menu21202.label]</label>
	<property name="condition">$INFO[skin.string(menu21202.visible)]</property>
	<property name="name">menu21202</property>
	<property name="id">$INFO[skin.string(menu21202.master)]</property>
	<onclick condition="Window.IsVisible(6000)">SetFocus(5000)</onclick>
	<onclick condition="Window.IsVisible(Home)">Dialog.Close(6212)</onclick>
	<onclick condition="Window.IsVisible(Home)">Skin.SetString(submenu_action,$VAR[value_menu21202.action])</onclick>
	<visible>![IsEmpty(skin.string(menu21202.master)) | String.Contains(skin.string(menu21202.visible),off)] | Window.IsVisible(6000)</visible>
	</item>
	<item>
	<label fallback="31014">$VAR[value_menu21203.label]</label>
	<property name="condition">$INFO[skin.string(menu21203.visible)]</property>
	<property name="name">menu21203</property>
	<property name="id">$INFO[skin.string(menu21203.master)]</property>
	<onclick condition="Window.IsVisible(6000)">SetFocus(5000)</onclick>
	<onclick condition="Window.IsVisible(Home)">Dialog.Close(6212)</onclick>
	<onclick condition="Window.IsVisible(Home)">Skin.SetString(submenu_action,$VAR[value_menu21203.action])</onclick>
	<visible>![IsEmpty(skin.string(menu21203.master)) | String.Contains(skin.string(menu21203.visible),off)] | Window.IsVisible(6000)</visible>
	</item>
	<item>
	<label fallback="31014">$VAR[value_menu21204.label]</label>
	<property name="condition">$INFO[skin.string(menu21204.visible)]</property>
	<property name="name">menu21204</property>
	<property name="id">$INFO[skin.string(menu21204.master)]</property>
	<onclick condition="Window.IsVisible(6000)">SetFocus(5000)</onclick>
	<onclick condition="Window.IsVisible(Home)">Dialog.Close(6212)</onclick>
	<onclick condition="Window.IsVisible(Home)">Skin.SetString(submenu_action,$VAR[value_menu21204.action])</onclick>
	<visible>![IsEmpty(skin.string(menu21204.master)) | String.Contains(skin.string(menu21204.visible),off)] | Window.IsVisible(6000)</visible>
	</item>
	<item>
	<label fallback="31014">$VAR[value_menu21205.label]</label>
	<property name="condition">$INFO[skin.string(menu21205.visible)]</property>
	<property name="name">menu21205</property>
	<property name="id">$INFO[skin.string(menu21205.master)]</property>
	<onclick condition="Window.IsVisible(6000)">SetFocus(5000)</onclick>
	<onclick condition="Window.IsVisible(Home)">Dialog.Close(6212)</onclick>
	<onclick condition="Window.IsVisible(Home)">Skin.SetString(submenu_action,$VAR[value_menu21205.action])</onclick>
	<visible>![IsEmpty(skin.string(menu21205.master)) | String.Contains(skin.string(menu21205.visible),off)] | Window.IsVisible(6000)</visible>
	</item>
	<item>
	<label fallback="31014">$VAR[value_menu21206.label]</label>
	<property name="condition">$INFO[skin.string(menu21206.visible)]</property>
	<property name="name">menu21206</property>
	<property name="id">$INFO[skin.string(menu21206.master)]</property>
	<onclick condition="Window.IsVisible(6000)">SetFocus(5000)</onclick>
	<onclick condition="Window.IsVisible(Home)">Dialog.Close(6212)</onclick>
	<onclick condition="Window.IsVisible(Home)">Skin.SetString(submenu_action,$VAR[value_menu21206.action])</onclick>
	<visible>![IsEmpty(skin.string(menu21206.master)) | String.Contains(skin.string(menu21206.visible),off)] | Window.IsVisible(6000)</visible>
	</item>
	<item>
	<label fallback="31014">$VAR[value_menu21207.label]</label>
	<property name="condition">$INFO[skin.string(menu21207.visible)]</property>
	<property name="name">menu21207</property>
	<property name="id">$INFO[skin.string(menu21207.master)]</property>
	<onclick condition="Window.IsVisible(6000)">SetFocus(5000)</onclick>
	<onclick condition="Window.IsVisible(Home)">Dialog.Close(6212)</onclick>
	<onclick condition="Window.IsVisible(Home)">Skin.SetString(submenu_action,$VAR[value_menu21207.action])</onclick>
	<visible>![IsEmpty(skin.string(menu21207.master)) | String.Contains(skin.string(menu21207.visible),off)] | Window.IsVisible(6000)</visible>
	</item>
	<item>
	<label fallback="31014">$VAR[value_menu21208.label]</label>
	<property name="condition">$INFO[skin.string(menu21208.visible)]</property>
	<property name="name">menu21208</property>
	<property name="id">$INFO[skin.string(menu21208.master)]</property>
	<onclick condition="Window.IsVisible(6000)">SetFocus(5000)</onclick>
	<onclick condition="Window.IsVisible(Home)">Dialog.Close(6212)</onclick>
	<onclick condition="Window.IsVisible(Home)">Skin.SetString(submenu_action,$VAR[value_menu21208.action])</onclick>
	<visible>![IsEmpty(skin.string(menu21208.master)) | String.Contains(skin.string(menu21208.visible),off)] | Window.IsVisible(6000)</visible>
	</item>
	<item>
	<label fallback="31014">$VAR[value_menu21209.label]</label>
	<property name="condition">$INFO[skin.string(menu21209.visible)]</property>
	<property name="name">menu21209</property>
	<property name="id">$INFO[skin.string(menu21209.master)]</property>
	<onclick condition="Window.IsVisible(6000)">SetFocus(5000)</onclick>
	<onclick condition="Window.IsVisible(Home)">Dialog.Close(6212)</onclick>
	<onclick condition="Window.IsVisible(Home)">Skin.SetString(submenu_action,$VAR[value_menu21209.action])</onclick>
	<visible>![IsEmpty(skin.string(menu21209.master)) | String.Contains(skin.string(menu21209.visible),off)] | Window.IsVisible(6000)</visible>
	</item>
	<item>
	<label fallback="31014">$VAR[value_menu21210.label]</label>
	<property name="condition">$INFO[skin.string(menu21210.visible)]</property>
	<property name="name">menu21210</property>
	<property name="id">$INFO[skin.string(menu21210.master)]</property>
	<onclick condition="Window.IsVisible(6000)">SetFocus(5000)</onclick>
	<onclick condition="Window.IsVisible(Home)">Dialog.Close(6212)</onclick>
	<onclick condition="Window.IsVisible(Home)">Skin.SetString(submenu_action,$VAR[value_menu21210.action])</onclick>
	<visible>![IsEmpty(skin.string(menu21210.master)) | String.Contains(skin.string(menu21210.visible),off)] | Window.IsVisible(6000)</visible>
	</item>
	<item>
	<label fallback="31014">$VAR[value_menu21211.label]</label>
	<property name="condition">$INFO[skin.string(menu21211.visible)]</property>
	<property name="name">menu21211</property>
	<property name="id">$INFO[skin.string(menu21211.master)]</property>
	<onclick condition="Window.IsVisible(6000)">SetFocus(5000)</onclick>
	<onclick condition="Window.IsVisible(Home)">Dialog.Close(6212)</onclick>
	<onclick condition="Window.IsVisible(Home)">Skin.SetString(submenu_action,$VAR[value_menu21211.action])</onclick>
	<visible>![IsEmpty(skin.string(menu21211.master)) | String.Contains(skin.string(menu21211.visible),off)] | Window.IsVisible(6000)</visible>
	</item>
	<item>
	<label fallback="31014">$VAR[value_menu21212.label]</label>
	<property name="condition">$INFO[skin.string(menu21212.visible)]</property>
	<property name="name">menu21212</property>
	<property name="id">$INFO[skin.string(menu21212.master)]</property>
	<onclick condition="Window.IsVisible(6000)">SetFocus(5000)</onclick>
	<onclick condition="Window.IsVisible(Home)">Dialog.Close(6212)</onclick>
	<onclick condition="Window.IsVisible(Home)">Skin.SetString(submenu_action,$VAR[value_menu21212.action])</onclick>
	<visible>![IsEmpty(skin.string(menu21212.master)) | String.Contains(skin.string(menu21212.visible),off)] | Window.IsVisible(6000)</visible>
	</item>
	<item>
	<label fallback="31014">$VAR[value_menu21213.label]</label>
	<property name="condition">$INFO[skin.string(menu21213.visible)]</property>
	<property name="name">menu21213</property>
	<property name="id">$INFO[skin.string(menu21213.master)]</property>
	<onclick condition="Window.IsVisible(6000)">SetFocus(5000)</onclick>
	<onclick condition="Window.IsVisible(Home)">Dialog.Close(6212)</onclick>
	<onclick condition="Window.IsVisible(Home)">Skin.SetString(submenu_action,$VAR[value_menu21213.action])</onclick>
	<visible>![IsEmpty(skin.string(menu21213.master)) | String.Contains(skin.string(menu21213.visible),off)] | Window.IsVisible(6000)</visible>
	</item>
	<item>
	<label fallback="31014">$VAR[value_menu21214.label]</label>
	<property name="condition">$INFO[skin.string(menu21214.visible)]</property>
	<property name="name">menu21214</property>
	<property name="id">$INFO[skin.string(menu21214.master)]</property>
	<onclick condition="Window.IsVisible(6000)">SetFocus(5000)</onclick>
	<onclick condition="Window.IsVisible(Home)">Dialog.Close(6212)</onclick>
	<onclick condition="Window.IsVisible(Home)">Skin.SetString(submenu_action,$VAR[value_menu21214.action])</onclick>
	<visible>![IsEmpty(skin.string(menu21214.master)) | String.Contains(skin.string(menu21214.visible),off)] | Window.IsVisible(6000)</visible>
	</item>
	<item>
	<label fallback="31014">$VAR[value_menu21215.label]</label>
	<property name="condition">$INFO[skin.string(menu21215.visible)]</property>
	<property name="name">menu21215</property>
	<property name="id">$INFO[skin.string(menu21215.master)]</property>
	<onclick condition="Window.IsVisible(6000)">SetFocus(5000)</onclick>
	<onclick condition="Window.IsVisible(Home)">Dialog.Close(6212)</onclick>
	<onclick condition="Window.IsVisible(Home)">Skin.SetString(submenu_action,$VAR[value_menu21215.action])</onclick>
	<visible>![IsEmpty(skin.string(menu21215.master)) | String.Contains(skin.string(menu21215.visible),off)] | Window.IsVisible(6000)</visible>
	</item>
	</content>
	</control>
	<include condition="Window.IsVisible(6000)">Glass</include>
	</control>
	</control>
	</controls>
	</window>