	<!-- Aeon MQ 5 -->

	<window id="6217" type="dialog"><!-- A-Playlist 17 -->
	<defaultcontrol>-</defaultcontrol>
	<include>SubMenuCommon</include>
	<controls>
	<control type="group">
	<include condition="Window.IsVisible(6000)">MenuCustom</include>
	<control type="group"><!-- default group -->
	<include>Animation_SubMenu</include>
	<include condition="Window.IsVisible(6000)">SubmenuGoTo</include>
	<include condition="Window.IsVisible(Home)">SubMenuDefault</include>
	<control type="panel" id="9000">
	<include condition="Window.IsVisible(6000)">SubmenuVList</include>
	<include condition="Window.IsVisible(Home)">SubmenuHList</include>
	<content>
	<item>
	<label fallback="31014">$VAR[value_menu21701.label]</label>
	<property name="condition">$INFO[skin.string(menu21701.visible)]</property>
	<property name="name">menu21701</property>
	<property name="id">$INFO[skin.string(menu21701.master)]</property>
	<onclick condition="Window.IsVisible(6000)">SetFocus(5000)</onclick>
	<onclick condition="Window.IsVisible(Home)">Dialog.Close(6217)</onclick>
	<onclick condition="Window.IsVisible(Home)">Skin.SetString(submenu_action,$VAR[value_menu21701.action])</onclick>
	<visible>![IsEmpty(skin.string(menu21701.master)) | String.Contains(skin.string(menu21701.visible),off)] | Window.IsVisible(6000)</visible>
	</item>
	<item>
	<label fallback="31014">$VAR[value_menu21702.label]</label>
	<property name="condition">$INFO[skin.string(menu21702.visible)]</property>
	<property name="name">menu21702</property>
	<property name="id">$INFO[skin.string(menu21702.master)]</property>
	<onclick condition="Window.IsVisible(6000)">SetFocus(5000)</onclick>
	<onclick condition="Window.IsVisible(Home)">Dialog.Close(6217)</onclick>
	<onclick condition="Window.IsVisible(Home)">Skin.SetString(submenu_action,$VAR[value_menu21702.action])</onclick>
	<visible>![IsEmpty(skin.string(menu21702.master)) | String.Contains(skin.string(menu21702.visible),off)] | Window.IsVisible(6000)</visible>
	</item>
	<item>
	<label fallback="31014">$VAR[value_menu21703.label]</label>
	<property name="condition">$INFO[skin.string(menu21703.visible)]</property>
	<property name="name">menu21703</property>
	<property name="id">$INFO[skin.string(menu21703.master)]</property>
	<onclick condition="Window.IsVisible(6000)">SetFocus(5000)</onclick>
	<onclick condition="Window.IsVisible(Home)">Dialog.Close(6217)</onclick>
	<onclick condition="Window.IsVisible(Home)">Skin.SetString(submenu_action,$VAR[value_menu21703.action])</onclick>
	<visible>![IsEmpty(skin.string(menu21703.master)) | String.Contains(skin.string(menu21703.visible),off)] | Window.IsVisible(6000)</visible>
	</item>
	<item>
	<label fallback="31014">$VAR[value_menu21704.label]</label>
	<property name="condition">$INFO[skin.string(menu21704.visible)]</property>
	<property name="name">menu21704</property>
	<property name="id">$INFO[skin.string(menu21704.master)]</property>
	<onclick condition="Window.IsVisible(6000)">SetFocus(5000)</onclick>
	<onclick condition="Window.IsVisible(Home)">Dialog.Close(6217)</onclick>
	<onclick condition="Window.IsVisible(Home)">Skin.SetString(submenu_action,$VAR[value_menu21704.action])</onclick>
	<visible>![IsEmpty(skin.string(menu21704.master)) | String.Contains(skin.string(menu21704.visible),off)] | Window.IsVisible(6000)</visible>
	</item>
	<item>
	<label fallback="31014">$VAR[value_menu21705.label]</label>
	<property name="condition">$INFO[skin.string(menu21705.visible)]</property>
	<property name="name">menu21705</property>
	<property name="id">$INFO[skin.string(menu21705.master)]</property>
	<onclick condition="Window.IsVisible(6000)">SetFocus(5000)</onclick>
	<onclick condition="Window.IsVisible(Home)">Dialog.Close(6217)</onclick>
	<onclick condition="Window.IsVisible(Home)">Skin.SetString(submenu_action,$VAR[value_menu21705.action])</onclick>
	<visible>![IsEmpty(skin.string(menu21705.master)) | String.Contains(skin.string(menu21705.visible),off)] | Window.IsVisible(6000)</visible>
	</item>
	<item>
	<label fallback="31014">$VAR[value_menu21706.label]</label>
	<property name="condition">$INFO[skin.string(menu21706.visible)]</property>
	<property name="name">menu21706</property>
	<property name="id">$INFO[skin.string(menu21706.master)]</property>
	<onclick condition="Window.IsVisible(6000)">SetFocus(5000)</onclick>
	<onclick condition="Window.IsVisible(Home)">Dialog.Close(6217)</onclick>
	<onclick condition="Window.IsVisible(Home)">Skin.SetString(submenu_action,$VAR[value_menu21706.action])</onclick>
	<visible>![IsEmpty(skin.string(menu21706.master)) | String.Contains(skin.string(menu21706.visible),off)] | Window.IsVisible(6000)</visible>
	</item>
	<item>
	<label fallback="31014">$VAR[value_menu21707.label]</label>
	<property name="condition">$INFO[skin.string(menu21707.visible)]</property>
	<property name="name">menu21707</property>
	<property name="id">$INFO[skin.string(menu21707.master)]</property>
	<onclick condition="Window.IsVisible(6000)">SetFocus(5000)</onclick>
	<onclick condition="Window.IsVisible(Home)">Dialog.Close(6217)</onclick>
	<onclick condition="Window.IsVisible(Home)">Skin.SetString(submenu_action,$VAR[value_menu21707.action])</onclick>
	<visible>![IsEmpty(skin.string(menu21707.master)) | String.Contains(skin.string(menu21707.visible),off)] | Window.IsVisible(6000)</visible>
	</item>
	<item>
	<label fallback="31014">$VAR[value_menu21708.label]</label>
	<property name="condition">$INFO[skin.string(menu21708.visible)]</property>
	<property name="name">menu21708</property>
	<property name="id">$INFO[skin.string(menu21708.master)]</property>
	<onclick condition="Window.IsVisible(6000)">SetFocus(5000)</onclick>
	<onclick condition="Window.IsVisible(Home)">Dialog.Close(6217)</onclick>
	<onclick condition="Window.IsVisible(Home)">Skin.SetString(submenu_action,$VAR[value_menu21708.action])</onclick>
	<visible>![IsEmpty(skin.string(menu21708.master)) | String.Contains(skin.string(menu21708.visible),off)] | Window.IsVisible(6000)</visible>
	</item>
	<item>
	<label fallback="31014">$VAR[value_menu21709.label]</label>
	<property name="condition">$INFO[skin.string(menu21709.visible)]</property>
	<property name="name">menu21709</property>
	<property name="id">$INFO[skin.string(menu21709.master)]</property>
	<onclick condition="Window.IsVisible(6000)">SetFocus(5000)</onclick>
	<onclick condition="Window.IsVisible(Home)">Dialog.Close(6217)</onclick>
	<onclick condition="Window.IsVisible(Home)">Skin.SetString(submenu_action,$VAR[value_menu21709.action])</onclick>
	<visible>![IsEmpty(skin.string(menu21709.master)) | String.Contains(skin.string(menu21709.visible),off)] | Window.IsVisible(6000)</visible>
	</item>
	<item>
	<label fallback="31014">$VAR[value_menu21710.label]</label>
	<property name="condition">$INFO[skin.string(menu21710.visible)]</property>
	<property name="name">menu21710</property>
	<property name="id">$INFO[skin.string(menu21710.master)]</property>
	<onclick condition="Window.IsVisible(6000)">SetFocus(5000)</onclick>
	<onclick condition="Window.IsVisible(Home)">Dialog.Close(6217)</onclick>
	<onclick condition="Window.IsVisible(Home)">Skin.SetString(submenu_action,$VAR[value_menu21710.action])</onclick>
	<visible>![IsEmpty(skin.string(menu21710.master)) | String.Contains(skin.string(menu21710.visible),off)] | Window.IsVisible(6000)</visible>
	</item>
	<item>
	<label fallback="31014">$VAR[value_menu21711.label]</label>
	<property name="condition">$INFO[skin.string(menu21711.visible)]</property>
	<property name="name">menu21711</property>
	<property name="id">$INFO[skin.string(menu21711.master)]</property>
	<onclick condition="Window.IsVisible(6000)">SetFocus(5000)</onclick>
	<onclick condition="Window.IsVisible(Home)">Dialog.Close(6217)</onclick>
	<onclick condition="Window.IsVisible(Home)">Skin.SetString(submenu_action,$VAR[value_menu21711.action])</onclick>
	<visible>![IsEmpty(skin.string(menu21711.master)) | String.Contains(skin.string(menu21711.visible),off)] | Window.IsVisible(6000)</visible>
	</item>
	<item>
	<label fallback="31014">$VAR[value_menu21712.label]</label>
	<property name="condition">$INFO[skin.string(menu21712.visible)]</property>
	<property name="name">menu21712</property>
	<property name="id">$INFO[skin.string(menu21712.master)]</property>
	<onclick condition="Window.IsVisible(6000)">SetFocus(5000)</onclick>
	<onclick condition="Window.IsVisible(Home)">Dialog.Close(6217)</onclick>
	<onclick condition="Window.IsVisible(Home)">Skin.SetString(submenu_action,$VAR[value_menu21712.action])</onclick>
	<visible>![IsEmpty(skin.string(menu21712.master)) | String.Contains(skin.string(menu21712.visible),off)] | Window.IsVisible(6000)</visible>
	</item>
	<item>
	<label fallback="31014">$VAR[value_menu21713.label]</label>
	<property name="condition">$INFO[skin.string(menu21713.visible)]</property>
	<property name="name">menu21713</property>
	<property name="id">$INFO[skin.string(menu21713.master)]</property>
	<onclick condition="Window.IsVisible(6000)">SetFocus(5000)</onclick>
	<onclick condition="Window.IsVisible(Home)">Dialog.Close(6217)</onclick>
	<onclick condition="Window.IsVisible(Home)">Skin.SetString(submenu_action,$VAR[value_menu21713.action])</onclick>
	<visible>![IsEmpty(skin.string(menu21713.master)) | String.Contains(skin.string(menu21713.visible),off)] | Window.IsVisible(6000)</visible>
	</item>
	<item>
	<label fallback="31014">$VAR[value_menu21714.label]</label>
	<property name="condition">$INFO[skin.string(menu21714.visible)]</property>
	<property name="name">menu21714</property>
	<property name="id">$INFO[skin.string(menu21714.master)]</property>
	<onclick condition="Window.IsVisible(6000)">SetFocus(5000)</onclick>
	<onclick condition="Window.IsVisible(Home)">Dialog.Close(6217)</onclick>
	<onclick condition="Window.IsVisible(Home)">Skin.SetString(submenu_action,$VAR[value_menu21714.action])</onclick>
	<visible>![IsEmpty(skin.string(menu21714.master)) | String.Contains(skin.string(menu21714.visible),off)] | Window.IsVisible(6000)</visible>
	</item>
	<item>
	<label fallback="31014">$VAR[value_menu21715.label]</label>
	<property name="condition">$INFO[skin.string(menu21715.visible)]</property>
	<property name="name">menu21715</property>
	<property name="id">$INFO[skin.string(menu21715.master)]</property>
	<onclick condition="Window.IsVisible(6000)">SetFocus(5000)</onclick>
	<onclick condition="Window.IsVisible(Home)">Dialog.Close(6217)</onclick>
	<onclick condition="Window.IsVisible(Home)">Skin.SetString(submenu_action,$VAR[value_menu21715.action])</onclick>
	<visible>![IsEmpty(skin.string(menu21715.master)) | String.Contains(skin.string(menu21715.visible),off)] | Window.IsVisible(6000)</visible>
	</item>
	</content>
	</control>
	<include condition="Window.IsVisible(6000)">Glass</include>
	</control>
	</control>
	</controls>
	</window>