	<!-- Aeon MQ 5 -->

	<window id="6062" type="dialog"><!-- Musica albuns -->
	<defaultcontrol>-</defaultcontrol>
	<include>SubMenuCommon</include>
	<controls>
	<control type="group">
	<include condition="Window.IsVisible(6000)">MenuCustom</include>
	<control type="group"><!-- default group -->
	<include>Animation_SubMenu</include>
	<include condition="Window.IsVisible(6000)">SubmenuGoTo</include>
	<include condition="Window.IsVisible(Home)">SubMenuDefault</include>
	<control type="panel" id="9000">
	<include condition="Window.IsVisible(6000)">SubmenuVList</include>
	<include condition="Window.IsVisible(Home)">SubmenuHList</include>
	<content>
	<item>
	<label fallback="31014">$VAR[value_menu6201.label]</label>
	<property name="condition">$INFO[skin.string(menu6201.visible)]</property>
	<property name="name">menu6201</property>
	<property name="id">$INFO[skin.string(menu6201.master)]</property>
	<onclick condition="Window.IsVisible(6000)">SetFocus(5000)</onclick>
	<onclick condition="Window.IsVisible(Home)">Dialog.Close(6062)</onclick>
	<onclick condition="Window.IsVisible(Home)">Skin.SetString(submenu_action,$VAR[value_menu6201.action])</onclick>
	<visible>![IsEmpty(skin.string(menu6201.master)) | String.Contains(skin.string(menu6201.visible),off)] | Window.IsVisible(6000)</visible>
	</item>
	<item>
	<label fallback="31014">$VAR[value_menu6202.label]</label>
	<property name="condition">$INFO[skin.string(menu6202.visible)]</property>
	<property name="name">menu6202</property>
	<property name="id">$INFO[skin.string(menu6202.master)]</property>
	<onclick condition="Window.IsVisible(6000)">SetFocus(5000)</onclick>
	<onclick condition="Window.IsVisible(Home)">Dialog.Close(6062)</onclick>
	<onclick condition="Window.IsVisible(Home)">Skin.SetString(submenu_action,$VAR[value_menu6202.action])</onclick>
	<visible>![IsEmpty(skin.string(menu6202.master)) | String.Contains(skin.string(menu6202.visible),off)] | Window.IsVisible(6000)</visible>
	</item>
	<item>
	<label fallback="31014">$VAR[value_menu6203.label]</label>
	<property name="condition">$INFO[skin.string(menu6203.visible)]</property>
	<property name="name">menu6203</property>
	<property name="id">$INFO[skin.string(menu6203.master)]</property>
	<onclick condition="Window.IsVisible(6000)">SetFocus(5000)</onclick>
	<onclick condition="Window.IsVisible(Home)">Dialog.Close(6062)</onclick>
	<onclick condition="Window.IsVisible(Home)">Skin.SetString(submenu_action,$VAR[value_menu6203.action])</onclick>
	<visible>![IsEmpty(skin.string(menu6203.master)) | String.Contains(skin.string(menu6203.visible),off)] | Window.IsVisible(6000)</visible>
	</item>
	<item>
	<label fallback="31014">$VAR[value_menu6204.label]</label>
	<property name="condition">$INFO[skin.string(menu6204.visible)]</property>
	<property name="name">menu6204</property>
	<property name="id">$INFO[skin.string(menu6204.master)]</property>
	<onclick condition="Window.IsVisible(6000)">SetFocus(5000)</onclick>
	<onclick condition="Window.IsVisible(Home)">Dialog.Close(6062)</onclick>
	<onclick condition="Window.IsVisible(Home)">Skin.SetString(submenu_action,$VAR[value_menu6204.action])</onclick>
	<visible>![IsEmpty(skin.string(menu6204.master)) | String.Contains(skin.string(menu6204.visible),off)] | Window.IsVisible(6000)</visible>
	</item>
	<item>
	<label fallback="31014">$VAR[value_menu6205.label]</label>
	<property name="condition">$INFO[skin.string(menu6205.visible)]</property>
	<property name="name">menu6205</property>
	<property name="id">$INFO[skin.string(menu6205.master)]</property>
	<onclick condition="Window.IsVisible(6000)">SetFocus(5000)</onclick>
	<onclick condition="Window.IsVisible(Home)">Dialog.Close(6062)</onclick>
	<onclick condition="Window.IsVisible(Home)">Skin.SetString(submenu_action,$VAR[value_menu6205.action])</onclick>
	<visible>![IsEmpty(skin.string(menu6205.master)) | String.Contains(skin.string(menu6205.visible),off)] | Window.IsVisible(6000)</visible>
	</item>
	<item>
	<label fallback="31014">$VAR[value_menu6206.label]</label>
	<property name="condition">$INFO[skin.string(menu6206.visible)]</property>
	<property name="name">menu6206</property>
	<property name="id">$INFO[skin.string(menu6206.master)]</property>
	<onclick condition="Window.IsVisible(6000)">SetFocus(5000)</onclick>
	<onclick condition="Window.IsVisible(Home)">Dialog.Close(6062)</onclick>
	<onclick condition="Window.IsVisible(Home)">Skin.SetString(submenu_action,$VAR[value_menu6206.action])</onclick>
	<visible>![IsEmpty(skin.string(menu6206.master)) | String.Contains(skin.string(menu6206.visible),off)] | Window.IsVisible(6000)</visible>
	</item>
	<item>
	<label fallback="31014">$VAR[value_menu6207.label]</label>
	<property name="condition">$INFO[skin.string(menu6207.visible)]</property>
	<property name="name">menu6207</property>
	<property name="id">$INFO[skin.string(menu6207.master)]</property>
	<onclick condition="Window.IsVisible(6000)">SetFocus(5000)</onclick>
	<onclick condition="Window.IsVisible(Home)">Dialog.Close(6062)</onclick>
	<onclick condition="Window.IsVisible(Home)">Skin.SetString(submenu_action,$VAR[value_menu6207.action])</onclick>
	<visible>![IsEmpty(skin.string(menu6207.master)) | String.Contains(skin.string(menu6207.visible),off)] | Window.IsVisible(6000)</visible>
	</item>
	<item>
	<label fallback="31014">$VAR[value_menu6208.label]</label>
	<property name="condition">$INFO[skin.string(menu6208.visible)]</property>
	<property name="name">menu6208</property>
	<property name="id">$INFO[skin.string(menu6208.master)]</property>
	<onclick condition="Window.IsVisible(6000)">SetFocus(5000)</onclick>
	<onclick condition="Window.IsVisible(Home)">Dialog.Close(6062)</onclick>
	<onclick condition="Window.IsVisible(Home)">Skin.SetString(submenu_action,$VAR[value_menu6208.action])</onclick>
	<visible>![IsEmpty(skin.string(menu6208.master)) | String.Contains(skin.string(menu6208.visible),off)] | Window.IsVisible(6000)</visible>
	</item>
	<item>
	<label fallback="31014">$VAR[value_menu6209.label]</label>
	<property name="condition">$INFO[skin.string(menu6209.visible)]</property>
	<property name="name">menu6209</property>
	<property name="id">$INFO[skin.string(menu6209.master)]</property>
	<onclick condition="Window.IsVisible(6000)">SetFocus(5000)</onclick>
	<onclick condition="Window.IsVisible(Home)">Dialog.Close(6062)</onclick>
	<onclick condition="Window.IsVisible(Home)">Skin.SetString(submenu_action,$VAR[value_menu6209.action])</onclick>
	<visible>![IsEmpty(skin.string(menu6209.master)) | String.Contains(skin.string(menu6209.visible),off)] | Window.IsVisible(6000)</visible>
	</item>
	<item>
	<label fallback="31014">$VAR[value_menu6210.label]</label>
	<property name="condition">$INFO[skin.string(menu6210.visible)]</property>
	<property name="name">menu6210</property>
	<property name="id">$INFO[skin.string(menu6210.master)]</property>
	<onclick condition="Window.IsVisible(6000)">SetFocus(5000)</onclick>
	<onclick condition="Window.IsVisible(Home)">Dialog.Close(6062)</onclick>
	<onclick condition="Window.IsVisible(Home)">Skin.SetString(submenu_action,$VAR[value_menu6210.action])</onclick>
	<visible>![IsEmpty(skin.string(menu6210.master)) | String.Contains(skin.string(menu6210.visible),off)] | Window.IsVisible(6000)</visible>
	</item>
	</content>
	</control>
	<include condition="Window.IsVisible(6000)">Glass</include>
	</control>
	</control>
	</controls>
	</window>