	<!-- Aeon MQ 5 -->

	<window id="6108" type="dialog"><!-- V-Playlist 8 -->
	<defaultcontrol>-</defaultcontrol>
	<include>SubMenuCommon</include>
	<controls>
	<control type="group">
	<include condition="Window.IsVisible(6000)">MenuCustom</include>
	<control type="group"><!-- default group -->
	<include>Animation_SubMenu</include>
	<include condition="Window.IsVisible(6000)">SubmenuGoTo</include>
	<include condition="Window.IsVisible(Home)">SubMenuDefault</include>
	<control type="panel" id="9000">
	<include condition="Window.IsVisible(6000)">SubmenuVList</include>
	<include condition="Window.IsVisible(Home)">SubmenuHList</include>
	<content>
	<item>
	<label fallback="31014">$VAR[value_menu10801.label]</label>
	<property name="condition">$INFO[skin.string(menu10801.visible)]</property>
	<property name="name">menu10801</property>
	<property name="id">$INFO[skin.string(menu10801.master)]</property>
	<onclick condition="Window.IsVisible(6000)">SetFocus(5000)</onclick>
	<onclick condition="Window.IsVisible(Home)">Dialog.Close(6108)</onclick>
	<onclick condition="Window.IsVisible(Home)">Skin.SetString(submenu_action,$VAR[value_menu10801.action])</onclick>
	<visible>![IsEmpty(skin.string(menu10801.master)) | String.Contains(skin.string(menu10801.visible),off)] | Window.IsVisible(6000)</visible>
	</item>
	<item>
	<label fallback="31014">$VAR[value_menu10802.label]</label>
	<property name="condition">$INFO[skin.string(menu10802.visible)]</property>
	<property name="name">menu10802</property>
	<property name="id">$INFO[skin.string(menu10802.master)]</property>
	<onclick condition="Window.IsVisible(6000)">SetFocus(5000)</onclick>
	<onclick condition="Window.IsVisible(Home)">Dialog.Close(6108)</onclick>
	<onclick condition="Window.IsVisible(Home)">Skin.SetString(submenu_action,$VAR[value_menu10802.action])</onclick>
	<visible>![IsEmpty(skin.string(menu10802.master)) | String.Contains(skin.string(menu10802.visible),off)] | Window.IsVisible(6000)</visible>
	</item>
	<item>
	<label fallback="31014">$VAR[value_menu10803.label]</label>
	<property name="condition">$INFO[skin.string(menu10803.visible)]</property>
	<property name="name">menu10803</property>
	<property name="id">$INFO[skin.string(menu10803.master)]</property>
	<onclick condition="Window.IsVisible(6000)">SetFocus(5000)</onclick>
	<onclick condition="Window.IsVisible(Home)">Dialog.Close(6108)</onclick>
	<onclick condition="Window.IsVisible(Home)">Skin.SetString(submenu_action,$VAR[value_menu10803.action])</onclick>
	<visible>![IsEmpty(skin.string(menu10803.master)) | String.Contains(skin.string(menu10803.visible),off)] | Window.IsVisible(6000)</visible>
	</item>
	<item>
	<label fallback="31014">$VAR[value_menu10804.label]</label>
	<property name="condition">$INFO[skin.string(menu10804.visible)]</property>
	<property name="name">menu10804</property>
	<property name="id">$INFO[skin.string(menu10804.master)]</property>
	<onclick condition="Window.IsVisible(6000)">SetFocus(5000)</onclick>
	<onclick condition="Window.IsVisible(Home)">Dialog.Close(6108)</onclick>
	<onclick condition="Window.IsVisible(Home)">Skin.SetString(submenu_action,$VAR[value_menu10804.action])</onclick>
	<visible>![IsEmpty(skin.string(menu10804.master)) | String.Contains(skin.string(menu10804.visible),off)] | Window.IsVisible(6000)</visible>
	</item>
	<item>
	<label fallback="31014">$VAR[value_menu10805.label]</label>
	<property name="condition">$INFO[skin.string(menu10805.visible)]</property>
	<property name="name">menu10805</property>
	<property name="id">$INFO[skin.string(menu10805.master)]</property>
	<onclick condition="Window.IsVisible(6000)">SetFocus(5000)</onclick>
	<onclick condition="Window.IsVisible(Home)">Dialog.Close(6108)</onclick>
	<onclick condition="Window.IsVisible(Home)">Skin.SetString(submenu_action,$VAR[value_menu10805.action])</onclick>
	<visible>![IsEmpty(skin.string(menu10805.master)) | String.Contains(skin.string(menu10805.visible),off)] | Window.IsVisible(6000)</visible>
	</item>
	<item>
	<label fallback="31014">$VAR[value_menu10806.label]</label>
	<property name="condition">$INFO[skin.string(menu10806.visible)]</property>
	<property name="name">menu10806</property>
	<property name="id">$INFO[skin.string(menu10806.master)]</property>
	<onclick condition="Window.IsVisible(6000)">SetFocus(5000)</onclick>
	<onclick condition="Window.IsVisible(Home)">Dialog.Close(6108)</onclick>
	<onclick condition="Window.IsVisible(Home)">Skin.SetString(submenu_action,$VAR[value_menu10806.action])</onclick>
	<visible>![IsEmpty(skin.string(menu10806.master)) | String.Contains(skin.string(menu10806.visible),off)] | Window.IsVisible(6000)</visible>
	</item>
	<item>
	<label fallback="31014">$VAR[value_menu10807.label]</label>
	<property name="condition">$INFO[skin.string(menu10807.visible)]</property>
	<property name="name">menu10807</property>
	<property name="id">$INFO[skin.string(menu10807.master)]</property>
	<onclick condition="Window.IsVisible(6000)">SetFocus(5000)</onclick>
	<onclick condition="Window.IsVisible(Home)">Dialog.Close(6108)</onclick>
	<onclick condition="Window.IsVisible(Home)">Skin.SetString(submenu_action,$VAR[value_menu10807.action])</onclick>
	<visible>![IsEmpty(skin.string(menu10807.master)) | String.Contains(skin.string(menu10807.visible),off)] | Window.IsVisible(6000)</visible>
	</item>
	<item>
	<label fallback="31014">$VAR[value_menu10808.label]</label>
	<property name="condition">$INFO[skin.string(menu10808.visible)]</property>
	<property name="name">menu10808</property>
	<property name="id">$INFO[skin.string(menu10808.master)]</property>
	<onclick condition="Window.IsVisible(6000)">SetFocus(5000)</onclick>
	<onclick condition="Window.IsVisible(Home)">Dialog.Close(6108)</onclick>
	<onclick condition="Window.IsVisible(Home)">Skin.SetString(submenu_action,$VAR[value_menu10808.action])</onclick>
	<visible>![IsEmpty(skin.string(menu10808.master)) | String.Contains(skin.string(menu10808.visible),off)] | Window.IsVisible(6000)</visible>
	</item>
	<item>
	<label fallback="31014">$VAR[value_menu10809.label]</label>
	<property name="condition">$INFO[skin.string(menu10809.visible)]</property>
	<property name="name">menu10809</property>
	<property name="id">$INFO[skin.string(menu10809.master)]</property>
	<onclick condition="Window.IsVisible(6000)">SetFocus(5000)</onclick>
	<onclick condition="Window.IsVisible(Home)">Dialog.Close(6108)</onclick>
	<onclick condition="Window.IsVisible(Home)">Skin.SetString(submenu_action,$VAR[value_menu10809.action])</onclick>
	<visible>![IsEmpty(skin.string(menu10809.master)) | String.Contains(skin.string(menu10809.visible),off)] | Window.IsVisible(6000)</visible>
	</item>
	<item>
	<label fallback="31014">$VAR[value_menu10810.label]</label>
	<property name="condition">$INFO[skin.string(menu10810.visible)]</property>
	<property name="name">menu10810</property>
	<property name="id">$INFO[skin.string(menu10810.master)]</property>
	<onclick condition="Window.IsVisible(6000)">SetFocus(5000)</onclick>
	<onclick condition="Window.IsVisible(Home)">Dialog.Close(6108)</onclick>
	<onclick condition="Window.IsVisible(Home)">Skin.SetString(submenu_action,$VAR[value_menu10810.action])</onclick>
	<visible>![IsEmpty(skin.string(menu10810.master)) | String.Contains(skin.string(menu10810.visible),off)] | Window.IsVisible(6000)</visible>
	</item>
	<item>
	<label fallback="31014">$VAR[value_menu10811.label]</label>
	<property name="condition">$INFO[skin.string(menu10811.visible)]</property>
	<property name="name">menu10811</property>
	<property name="id">$INFO[skin.string(menu10811.master)]</property>
	<onclick condition="Window.IsVisible(6000)">SetFocus(5000)</onclick>
	<onclick condition="Window.IsVisible(Home)">Dialog.Close(6108)</onclick>
	<onclick condition="Window.IsVisible(Home)">Skin.SetString(submenu_action,$VAR[value_menu10811.action])</onclick>
	<visible>![IsEmpty(skin.string(menu10811.master)) | String.Contains(skin.string(menu10811.visible),off)] | Window.IsVisible(6000)</visible>
	</item>
	<item>
	<label fallback="31014">$VAR[value_menu10812.label]</label>
	<property name="condition">$INFO[skin.string(menu10812.visible)]</property>
	<property name="name">menu10812</property>
	<property name="id">$INFO[skin.string(menu10812.master)]</property>
	<onclick condition="Window.IsVisible(6000)">SetFocus(5000)</onclick>
	<onclick condition="Window.IsVisible(Home)">Dialog.Close(6108)</onclick>
	<onclick condition="Window.IsVisible(Home)">Skin.SetString(submenu_action,$VAR[value_menu10812.action])</onclick>
	<visible>![IsEmpty(skin.string(menu10812.master)) | String.Contains(skin.string(menu10812.visible),off)] | Window.IsVisible(6000)</visible>
	</item>
	<item>
	<label fallback="31014">$VAR[value_menu10813.label]</label>
	<property name="condition">$INFO[skin.string(menu10813.visible)]</property>
	<property name="name">menu10813</property>
	<property name="id">$INFO[skin.string(menu10813.master)]</property>
	<onclick condition="Window.IsVisible(6000)">SetFocus(5000)</onclick>
	<onclick condition="Window.IsVisible(Home)">Dialog.Close(6108)</onclick>
	<onclick condition="Window.IsVisible(Home)">Skin.SetString(submenu_action,$VAR[value_menu10813.action])</onclick>
	<visible>![IsEmpty(skin.string(menu10813.master)) | String.Contains(skin.string(menu10813.visible),off)] | Window.IsVisible(6000)</visible>
	</item>
	<item>
	<label fallback="31014">$VAR[value_menu10814.label]</label>
	<property name="condition">$INFO[skin.string(menu10814.visible)]</property>
	<property name="name">menu10814</property>
	<property name="id">$INFO[skin.string(menu10814.master)]</property>
	<onclick condition="Window.IsVisible(6000)">SetFocus(5000)</onclick>
	<onclick condition="Window.IsVisible(Home)">Dialog.Close(6108)</onclick>
	<onclick condition="Window.IsVisible(Home)">Skin.SetString(submenu_action,$VAR[value_menu10814.action])</onclick>
	<visible>![IsEmpty(skin.string(menu10814.master)) | String.Contains(skin.string(menu10814.visible),off)] | Window.IsVisible(6000)</visible>
	</item>
	<item>
	<label fallback="31014">$VAR[value_menu10815.label]</label>
	<property name="condition">$INFO[skin.string(menu10815.visible)]</property>
	<property name="name">menu10815</property>
	<property name="id">$INFO[skin.string(menu10815.master)]</property>
	<onclick condition="Window.IsVisible(6000)">SetFocus(5000)</onclick>
	<onclick condition="Window.IsVisible(Home)">Dialog.Close(6108)</onclick>
	<onclick condition="Window.IsVisible(Home)">Skin.SetString(submenu_action,$VAR[value_menu10815.action])</onclick>
	<visible>![IsEmpty(skin.string(menu10815.master)) | String.Contains(skin.string(menu10815.visible),off)] | Window.IsVisible(6000)</visible>
	</item>
	</content>
	</control>
	<include condition="Window.IsVisible(6000)">Glass</include>
	</control>
	</control>
	</controls>
	</window>