	<!-- Aeon MQ 5 -->

	<window id="6032" type="dialog"><!-- Videos -->
	<defaultcontrol>-</defaultcontrol>
	<include>SubMenuCommon</include>
	<controls>
	<control type="group">
	<include condition="Window.IsVisible(6000)">MenuCustom</include>
	<control type="group"><!-- default group -->
	<include>Animation_SubMenu</include>
	<include condition="Window.IsVisible(6000)">SubmenuGoTo</include>
	<include condition="Window.IsVisible(Home)">SubMenuDefault</include>
	<control type="panel" id="9000">
	<include condition="Window.IsVisible(6000)">SubmenuVList</include>
	<include condition="Window.IsVisible(Home)">SubmenuHList</include>
	<content>
	<item>
	<label fallback="31014">$VAR[value_menu3201.label]</label>
	<property name="condition">$INFO[skin.string(menu3201.visible)]</property>
	<property name="name">menu3201</property>
	<property name="id">$INFO[skin.string(menu3201.master)]</property>
	<onclick condition="Window.IsVisible(6000)">SetFocus(5000)</onclick>
	<onclick condition="Window.IsVisible(Home)">Dialog.Close(6032)</onclick>
	<onclick condition="Window.IsVisible(Home)">Skin.SetString(submenu_action,$VAR[value_menu3201.action])</onclick>
	<visible>![IsEmpty(skin.string(menu3201.master)) | String.Contains(skin.string(menu3201.visible),off)] | Window.IsVisible(6000)</visible>
	</item>
	<item>
	<label fallback="31014">$VAR[value_menu3202.label]</label>
	<property name="condition">$INFO[skin.string(menu3202.visible)]</property>
	<property name="name">menu3202</property>
	<property name="id">$INFO[skin.string(menu3202.master)]</property>
	<onclick condition="Window.IsVisible(6000)">SetFocus(5000)</onclick>
	<onclick condition="Window.IsVisible(Home)">Dialog.Close(6032)</onclick>
	<onclick condition="Window.IsVisible(Home)">Skin.SetString(submenu_action,$VAR[value_menu3202.action])</onclick>
	<visible>![IsEmpty(skin.string(menu3202.master)) | String.Contains(skin.string(menu3202.visible),off)] | Window.IsVisible(6000)</visible>
	</item>
	<item>
	<label fallback="31014">$VAR[value_menu3203.label]</label>
	<property name="condition">$INFO[skin.string(menu3203.visible)]</property>
	<property name="name">menu3203</property>
	<property name="id">$INFO[skin.string(menu3203.master)]</property>
	<onclick condition="Window.IsVisible(6000)">SetFocus(5000)</onclick>
	<onclick condition="Window.IsVisible(Home)">Dialog.Close(6032)</onclick>
	<onclick condition="Window.IsVisible(Home)">Skin.SetString(submenu_action,$VAR[value_menu3203.action])</onclick>
	<visible>![IsEmpty(skin.string(menu3203.master)) | String.Contains(skin.string(menu3203.visible),off)] | Window.IsVisible(6000)</visible>
	</item>
	<item>
	<label fallback="31014">$VAR[value_menu3204.label]</label>
	<property name="condition">$INFO[skin.string(menu3204.visible)]</property>
	<property name="name">menu3204</property>
	<property name="id">$INFO[skin.string(menu3204.master)]</property>
	<onclick condition="Window.IsVisible(6000)">SetFocus(5000)</onclick>
	<onclick condition="Window.IsVisible(Home)">Dialog.Close(6032)</onclick>
	<onclick condition="Window.IsVisible(Home)">Skin.SetString(submenu_action,$VAR[value_menu3204.action])</onclick>
	<visible>![IsEmpty(skin.string(menu3204.master)) | String.Contains(skin.string(menu3204.visible),off)] | Window.IsVisible(6000)</visible>
	</item>
	<item>
	<label fallback="31014">$VAR[value_menu3205.label]</label>
	<property name="condition">$INFO[skin.string(menu3205.visible)]</property>
	<property name="name">menu3205</property>
	<property name="id">$INFO[skin.string(menu3205.master)]</property>
	<onclick condition="Window.IsVisible(6000)">SetFocus(5000)</onclick>
	<onclick condition="Window.IsVisible(Home)">Dialog.Close(6032)</onclick>
	<onclick condition="Window.IsVisible(Home)">Skin.SetString(submenu_action,$VAR[value_menu3205.action])</onclick>
	<visible>![IsEmpty(skin.string(menu3205.master)) | String.Contains(skin.string(menu3205.visible),off)] | Window.IsVisible(6000)</visible>
	</item>
	<item>
	<label fallback="31014">$VAR[value_menu3206.label]</label>
	<property name="condition">$INFO[skin.string(menu3206.visible)]</property>
	<property name="name">menu3206</property>
	<property name="id">$INFO[skin.string(menu3206.master)]</property>
	<onclick condition="Window.IsVisible(6000)">SetFocus(5000)</onclick>
	<onclick condition="Window.IsVisible(Home)">Dialog.Close(6032)</onclick>
	<onclick condition="Window.IsVisible(Home)">Skin.SetString(submenu_action,$VAR[value_menu3206.action])</onclick>
	<visible>![IsEmpty(skin.string(menu3206.master)) | String.Contains(skin.string(menu3206.visible),off)] | Window.IsVisible(6000)</visible>
	</item>
	<item>
	<label fallback="31014">$VAR[value_menu3207.label]</label>
	<property name="condition">$INFO[skin.string(menu3207.visible)]</property>
	<property name="name">menu3207</property>
	<property name="id">$INFO[skin.string(menu3207.master)]</property>
	<onclick condition="Window.IsVisible(6000)">SetFocus(5000)</onclick>
	<onclick condition="Window.IsVisible(Home)">Dialog.Close(6032)</onclick>
	<onclick condition="Window.IsVisible(Home)">Skin.SetString(submenu_action,$VAR[value_menu3207.action])</onclick>
	<visible>![IsEmpty(skin.string(menu3207.master)) | String.Contains(skin.string(menu3207.visible),off)] | Window.IsVisible(6000)</visible>
	</item>
	<item>
	<label fallback="31014">$VAR[value_menu3208.label]</label>
	<property name="condition">$INFO[skin.string(menu3208.visible)]</property>
	<property name="name">menu3208</property>
	<property name="id">$INFO[skin.string(menu3208.master)]</property>
	<onclick condition="Window.IsVisible(6000)">SetFocus(5000)</onclick>
	<onclick condition="Window.IsVisible(Home)">Dialog.Close(6032)</onclick>
	<onclick condition="Window.IsVisible(Home)">Skin.SetString(submenu_action,$VAR[value_menu3208.action])</onclick>
	<visible>![IsEmpty(skin.string(menu3208.master)) | String.Contains(skin.string(menu3208.visible),off)] | Window.IsVisible(6000)</visible>
	</item>
	<item>
	<label fallback="31014">$VAR[value_menu3209.label]</label>
	<property name="condition">$INFO[skin.string(menu3209.visible)]</property>
	<property name="name">menu3209</property>
	<property name="id">$INFO[skin.string(menu3209.master)]</property>
	<onclick condition="Window.IsVisible(6000)">SetFocus(5000)</onclick>
	<onclick condition="Window.IsVisible(Home)">Dialog.Close(6032)</onclick>
	<onclick condition="Window.IsVisible(Home)">Skin.SetString(submenu_action,$VAR[value_menu3209.action])</onclick>
	<visible>![IsEmpty(skin.string(menu3209.master)) | String.Contains(skin.string(menu3209.visible),off)] | Window.IsVisible(6000)</visible>
	</item>
	<item>
	<label fallback="31014">$VAR[value_menu3210.label]</label>
	<property name="condition">$INFO[skin.string(menu3210.visible)]</property>
	<property name="name">menu3210</property>
	<property name="id">$INFO[skin.string(menu3210.master)]</property>
	<onclick condition="Window.IsVisible(6000)">SetFocus(5000)</onclick>
	<onclick condition="Window.IsVisible(Home)">Dialog.Close(6032)</onclick>
	<onclick condition="Window.IsVisible(Home)">Skin.SetString(submenu_action,$VAR[value_menu3210.action])</onclick>
	<visible>![IsEmpty(skin.string(menu3210.master)) | String.Contains(skin.string(menu3210.visible),off)] | Window.IsVisible(6000)</visible>
	</item>
	</content>
	</control>
	<include condition="Window.IsVisible(6000)">Glass</include>
	</control>
	</control>
	</controls>
	</window>