	<!-- Aeon MQ 5 -->

	<window id="6320" type="dialog"><!-- Vnode 20 -->
	<defaultcontrol>-</defaultcontrol>
	<include>SubMenuCommon</include>
	<controls>
	<control type="group">
	<include condition="Window.IsVisible(6000)">MenuCustom</include>
	<control type="group"><!-- default group -->
	<include>Animation_SubMenu</include>
	<include condition="Window.IsVisible(6000)">SubmenuGoTo</include>
	<include condition="Window.IsVisible(Home)">SubMenuDefault</include>
	<control type="panel" id="9000">
	<include condition="Window.IsVisible(6000)">SubmenuVList</include>
	<include condition="Window.IsVisible(Home)">SubmenuHList</include>
	<content>
	<item>
	<label fallback="31014">$VAR[value_menu32001.label]</label>
	<property name="condition">$INFO[skin.string(menu32001.visible)]</property>
	<property name="name">menu32001</property>
	<property name="id">$INFO[skin.string(menu32001.master)]</property>
	<onclick condition="Window.IsVisible(6000)">SetFocus(5000)</onclick>
	<onclick condition="Window.IsVisible(Home)">Dialog.Close(6320)</onclick>
	<onclick condition="Window.IsVisible(Home)">Skin.SetString(submenu_action,$VAR[value_menu32001.action])</onclick>
	<visible>![IsEmpty(skin.string(menu32001.master)) | String.Contains(skin.string(menu32001.visible),off)] | Window.IsVisible(6000)</visible>
	</item>
	<item>
	<label fallback="31014">$VAR[value_menu32002.label]</label>
	<property name="condition">$INFO[skin.string(menu32002.visible)]</property>
	<property name="name">menu32002</property>
	<property name="id">$INFO[skin.string(menu32002.master)]</property>
	<onclick condition="Window.IsVisible(6000)">SetFocus(5000)</onclick>
	<onclick condition="Window.IsVisible(Home)">Dialog.Close(6320)</onclick>
	<onclick condition="Window.IsVisible(Home)">Skin.SetString(submenu_action,$VAR[value_menu32002.action])</onclick>
	<visible>![IsEmpty(skin.string(menu32002.master)) | String.Contains(skin.string(menu32002.visible),off)] | Window.IsVisible(6000)</visible>
	</item>
	<item>
	<label fallback="31014">$VAR[value_menu32003.label]</label>
	<property name="condition">$INFO[skin.string(menu32003.visible)]</property>
	<property name="name">menu32003</property>
	<property name="id">$INFO[skin.string(menu32003.master)]</property>
	<onclick condition="Window.IsVisible(6000)">SetFocus(5000)</onclick>
	<onclick condition="Window.IsVisible(Home)">Dialog.Close(6320)</onclick>
	<onclick condition="Window.IsVisible(Home)">Skin.SetString(submenu_action,$VAR[value_menu32003.action])</onclick>
	<visible>![IsEmpty(skin.string(menu32003.master)) | String.Contains(skin.string(menu32003.visible),off)] | Window.IsVisible(6000)</visible>
	</item>
	<item>
	<label fallback="31014">$VAR[value_menu32004.label]</label>
	<property name="condition">$INFO[skin.string(menu32004.visible)]</property>
	<property name="name">menu32004</property>
	<property name="id">$INFO[skin.string(menu32004.master)]</property>
	<onclick condition="Window.IsVisible(6000)">SetFocus(5000)</onclick>
	<onclick condition="Window.IsVisible(Home)">Dialog.Close(6320)</onclick>
	<onclick condition="Window.IsVisible(Home)">Skin.SetString(submenu_action,$VAR[value_menu32004.action])</onclick>
	<visible>![IsEmpty(skin.string(menu32004.master)) | String.Contains(skin.string(menu32004.visible),off)] | Window.IsVisible(6000)</visible>
	</item>
	<item>
	<label fallback="31014">$VAR[value_menu32005.label]</label>
	<property name="condition">$INFO[skin.string(menu32005.visible)]</property>
	<property name="name">menu32005</property>
	<property name="id">$INFO[skin.string(menu32005.master)]</property>
	<onclick condition="Window.IsVisible(6000)">SetFocus(5000)</onclick>
	<onclick condition="Window.IsVisible(Home)">Dialog.Close(6320)</onclick>
	<onclick condition="Window.IsVisible(Home)">Skin.SetString(submenu_action,$VAR[value_menu32005.action])</onclick>
	<visible>![IsEmpty(skin.string(menu32005.master)) | String.Contains(skin.string(menu32005.visible),off)] | Window.IsVisible(6000)</visible>
	</item>
	<item>
	<label fallback="31014">$VAR[value_menu32006.label]</label>
	<property name="condition">$INFO[skin.string(menu32006.visible)]</property>
	<property name="name">menu32006</property>
	<property name="id">$INFO[skin.string(menu32006.master)]</property>
	<onclick condition="Window.IsVisible(6000)">SetFocus(5000)</onclick>
	<onclick condition="Window.IsVisible(Home)">Dialog.Close(6320)</onclick>
	<onclick condition="Window.IsVisible(Home)">Skin.SetString(submenu_action,$VAR[value_menu32006.action])</onclick>
	<visible>![IsEmpty(skin.string(menu32006.master)) | String.Contains(skin.string(menu32006.visible),off)] | Window.IsVisible(6000)</visible>
	</item>
	<item>
	<label fallback="31014">$VAR[value_menu32007.label]</label>
	<property name="condition">$INFO[skin.string(menu32007.visible)]</property>
	<property name="name">menu32007</property>
	<property name="id">$INFO[skin.string(menu32007.master)]</property>
	<onclick condition="Window.IsVisible(6000)">SetFocus(5000)</onclick>
	<onclick condition="Window.IsVisible(Home)">Dialog.Close(6320)</onclick>
	<onclick condition="Window.IsVisible(Home)">Skin.SetString(submenu_action,$VAR[value_menu32007.action])</onclick>
	<visible>![IsEmpty(skin.string(menu32007.master)) | String.Contains(skin.string(menu32007.visible),off)] | Window.IsVisible(6000)</visible>
	</item>
	<item>
	<label fallback="31014">$VAR[value_menu32008.label]</label>
	<property name="condition">$INFO[skin.string(menu32008.visible)]</property>
	<property name="name">menu32008</property>
	<property name="id">$INFO[skin.string(menu32008.master)]</property>
	<onclick condition="Window.IsVisible(6000)">SetFocus(5000)</onclick>
	<onclick condition="Window.IsVisible(Home)">Dialog.Close(6320)</onclick>
	<onclick condition="Window.IsVisible(Home)">Skin.SetString(submenu_action,$VAR[value_menu32008.action])</onclick>
	<visible>![IsEmpty(skin.string(menu32008.master)) | String.Contains(skin.string(menu32008.visible),off)] | Window.IsVisible(6000)</visible>
	</item>
	<item>
	<label fallback="31014">$VAR[value_menu32009.label]</label>
	<property name="condition">$INFO[skin.string(menu32009.visible)]</property>
	<property name="name">menu32009</property>
	<property name="id">$INFO[skin.string(menu32009.master)]</property>
	<onclick condition="Window.IsVisible(6000)">SetFocus(5000)</onclick>
	<onclick condition="Window.IsVisible(Home)">Dialog.Close(6320)</onclick>
	<onclick condition="Window.IsVisible(Home)">Skin.SetString(submenu_action,$VAR[value_menu32009.action])</onclick>
	<visible>![IsEmpty(skin.string(menu32009.master)) | String.Contains(skin.string(menu32009.visible),off)] | Window.IsVisible(6000)</visible>
	</item>
	<item>
	<label fallback="31014">$VAR[value_menu32010.label]</label>
	<property name="condition">$INFO[skin.string(menu32010.visible)]</property>
	<property name="name">menu32010</property>
	<property name="id">$INFO[skin.string(menu32010.master)]</property>
	<onclick condition="Window.IsVisible(6000)">SetFocus(5000)</onclick>
	<onclick condition="Window.IsVisible(Home)">Dialog.Close(6320)</onclick>
	<onclick condition="Window.IsVisible(Home)">Skin.SetString(submenu_action,$VAR[value_menu32010.action])</onclick>
	<visible>![IsEmpty(skin.string(menu32010.master)) | String.Contains(skin.string(menu32010.visible),off)] | Window.IsVisible(6000)</visible>
	</item>
	<item>
	<label fallback="31014">$VAR[value_menu32011.label]</label>
	<property name="condition">$INFO[skin.string(menu32011.visible)]</property>
	<property name="name">menu32011</property>
	<property name="id">$INFO[skin.string(menu32011.master)]</property>
	<onclick condition="Window.IsVisible(6000)">SetFocus(5000)</onclick>
	<onclick condition="Window.IsVisible(Home)">Dialog.Close(6320)</onclick>
	<onclick condition="Window.IsVisible(Home)">Skin.SetString(submenu_action,$VAR[value_menu32011.action])</onclick>
	<visible>![IsEmpty(skin.string(menu32011.master)) | String.Contains(skin.string(menu32011.visible),off)] | Window.IsVisible(6000)</visible>
	</item>
	<item>
	<label fallback="31014">$VAR[value_menu32012.label]</label>
	<property name="condition">$INFO[skin.string(menu32012.visible)]</property>
	<property name="name">menu32012</property>
	<property name="id">$INFO[skin.string(menu32012.master)]</property>
	<onclick condition="Window.IsVisible(6000)">SetFocus(5000)</onclick>
	<onclick condition="Window.IsVisible(Home)">Dialog.Close(6320)</onclick>
	<onclick condition="Window.IsVisible(Home)">Skin.SetString(submenu_action,$VAR[value_menu32012.action])</onclick>
	<visible>![IsEmpty(skin.string(menu32012.master)) | String.Contains(skin.string(menu32012.visible),off)] | Window.IsVisible(6000)</visible>
	</item>
	<item>
	<label fallback="31014">$VAR[value_menu32013.label]</label>
	<property name="condition">$INFO[skin.string(menu32013.visible)]</property>
	<property name="name">menu32013</property>
	<property name="id">$INFO[skin.string(menu32013.master)]</property>
	<onclick condition="Window.IsVisible(6000)">SetFocus(5000)</onclick>
	<onclick condition="Window.IsVisible(Home)">Dialog.Close(6320)</onclick>
	<onclick condition="Window.IsVisible(Home)">Skin.SetString(submenu_action,$VAR[value_menu32013.action])</onclick>
	<visible>![IsEmpty(skin.string(menu32013.master)) | String.Contains(skin.string(menu32013.visible),off)] | Window.IsVisible(6000)</visible>
	</item>
	<item>
	<label fallback="31014">$VAR[value_menu32014.label]</label>
	<property name="condition">$INFO[skin.string(menu32014.visible)]</property>
	<property name="name">menu32014</property>
	<property name="id">$INFO[skin.string(menu32014.master)]</property>
	<onclick condition="Window.IsVisible(6000)">SetFocus(5000)</onclick>
	<onclick condition="Window.IsVisible(Home)">Dialog.Close(6320)</onclick>
	<onclick condition="Window.IsVisible(Home)">Skin.SetString(submenu_action,$VAR[value_menu32014.action])</onclick>
	<visible>![IsEmpty(skin.string(menu32014.master)) | String.Contains(skin.string(menu32014.visible),off)] | Window.IsVisible(6000)</visible>
	</item>
	<item>
	<label fallback="31014">$VAR[value_menu32015.label]</label>
	<property name="condition">$INFO[skin.string(menu32015.visible)]</property>
	<property name="name">menu32015</property>
	<property name="id">$INFO[skin.string(menu32015.master)]</property>
	<onclick condition="Window.IsVisible(6000)">SetFocus(5000)</onclick>
	<onclick condition="Window.IsVisible(Home)">Dialog.Close(6320)</onclick>
	<onclick condition="Window.IsVisible(Home)">Skin.SetString(submenu_action,$VAR[value_menu32015.action])</onclick>
	<visible>![IsEmpty(skin.string(menu32015.master)) | String.Contains(skin.string(menu32015.visible),off)] | Window.IsVisible(6000)</visible>
	</item>
	</content>
	</control>
	<include condition="Window.IsVisible(6000)">Glass</include>
	</control>
	</control>
	</controls>
	</window>