	<!-- Aeon MQ 5 -->

	<window id="6054" type="dialog"><!-- Concerto diretores -->
	<defaultcontrol>-</defaultcontrol>
	<include>SubMenuCommon</include>
	<controls>
	<control type="group">
	<include condition="Window.IsVisible(6000)">MenuCustom</include>
	<control type="group"><!-- default group -->
	<include>Animation_SubMenu</include>
	<include condition="Window.IsVisible(6000)">SubmenuGoTo</include>
	<include condition="Window.IsVisible(Home)">SubMenuDefault</include>
	<control type="panel" id="9000">
	<include condition="Window.IsVisible(6000)">SubmenuVList</include>
	<include condition="Window.IsVisible(Home)">SubmenuHList</include>
	<content>
	<item>
	<label fallback="31014">$VAR[value_menu5401.label]</label>
	<property name="condition">$INFO[skin.string(menu5401.visible)]</property>
	<property name="name">menu5401</property>
	<property name="id">$INFO[skin.string(menu5401.master)]</property>
	<onclick condition="Window.IsVisible(6000)">SetFocus(5000)</onclick>
	<onclick condition="Window.IsVisible(Home)">Dialog.Close(6054)</onclick>
	<onclick condition="Window.IsVisible(Home)">Skin.SetString(submenu_action,$VAR[value_menu5401.action])</onclick>
	<visible>![IsEmpty(skin.string(menu5401.master)) | String.Contains(skin.string(menu5401.visible),off)] | Window.IsVisible(6000)</visible>
	</item>
	<item>
	<label fallback="31014">$VAR[value_menu5402.label]</label>
	<property name="condition">$INFO[skin.string(menu5402.visible)]</property>
	<property name="name">menu5402</property>
	<property name="id">$INFO[skin.string(menu5402.master)]</property>
	<onclick condition="Window.IsVisible(6000)">SetFocus(5000)</onclick>
	<onclick condition="Window.IsVisible(Home)">Dialog.Close(6054)</onclick>
	<onclick condition="Window.IsVisible(Home)">Skin.SetString(submenu_action,$VAR[value_menu5402.action])</onclick>
	<visible>![IsEmpty(skin.string(menu5402.master)) | String.Contains(skin.string(menu5402.visible),off)] | Window.IsVisible(6000)</visible>
	</item>
	<item>
	<label fallback="31014">$VAR[value_menu5403.label]</label>
	<property name="condition">$INFO[skin.string(menu5403.visible)]</property>
	<property name="name">menu5403</property>
	<property name="id">$INFO[skin.string(menu5403.master)]</property>
	<onclick condition="Window.IsVisible(6000)">SetFocus(5000)</onclick>
	<onclick condition="Window.IsVisible(Home)">Dialog.Close(6054)</onclick>
	<onclick condition="Window.IsVisible(Home)">Skin.SetString(submenu_action,$VAR[value_menu5403.action])</onclick>
	<visible>![IsEmpty(skin.string(menu5403.master)) | String.Contains(skin.string(menu5403.visible),off)] | Window.IsVisible(6000)</visible>
	</item>
	<item>
	<label fallback="31014">$VAR[value_menu5404.label]</label>
	<property name="condition">$INFO[skin.string(menu5404.visible)]</property>
	<property name="name">menu5404</property>
	<property name="id">$INFO[skin.string(menu5404.master)]</property>
	<onclick condition="Window.IsVisible(6000)">SetFocus(5000)</onclick>
	<onclick condition="Window.IsVisible(Home)">Dialog.Close(6054)</onclick>
	<onclick condition="Window.IsVisible(Home)">Skin.SetString(submenu_action,$VAR[value_menu5404.action])</onclick>
	<visible>![IsEmpty(skin.string(menu5404.master)) | String.Contains(skin.string(menu5404.visible),off)] | Window.IsVisible(6000)</visible>
	</item>
	<item>
	<label fallback="31014">$VAR[value_menu5405.label]</label>
	<property name="condition">$INFO[skin.string(menu5405.visible)]</property>
	<property name="name">menu5405</property>
	<property name="id">$INFO[skin.string(menu5405.master)]</property>
	<onclick condition="Window.IsVisible(6000)">SetFocus(5000)</onclick>
	<onclick condition="Window.IsVisible(Home)">Dialog.Close(6054)</onclick>
	<onclick condition="Window.IsVisible(Home)">Skin.SetString(submenu_action,$VAR[value_menu5405.action])</onclick>
	<visible>![IsEmpty(skin.string(menu5405.master)) | String.Contains(skin.string(menu5405.visible),off)] | Window.IsVisible(6000)</visible>
	</item>
	<item>
	<label fallback="31014">$VAR[value_menu5406.label]</label>
	<property name="condition">$INFO[skin.string(menu5406.visible)]</property>
	<property name="name">menu5406</property>
	<property name="id">$INFO[skin.string(menu5406.master)]</property>
	<onclick condition="Window.IsVisible(6000)">SetFocus(5000)</onclick>
	<onclick condition="Window.IsVisible(Home)">Dialog.Close(6054)</onclick>
	<onclick condition="Window.IsVisible(Home)">Skin.SetString(submenu_action,$VAR[value_menu5406.action])</onclick>
	<visible>![IsEmpty(skin.string(menu5406.master)) | String.Contains(skin.string(menu5406.visible),off)] | Window.IsVisible(6000)</visible>
	</item>
	<item>
	<label fallback="31014">$VAR[value_menu5407.label]</label>
	<property name="condition">$INFO[skin.string(menu5407.visible)]</property>
	<property name="name">menu5407</property>
	<property name="id">$INFO[skin.string(menu5407.master)]</property>
	<onclick condition="Window.IsVisible(6000)">SetFocus(5000)</onclick>
	<onclick condition="Window.IsVisible(Home)">Dialog.Close(6054)</onclick>
	<onclick condition="Window.IsVisible(Home)">Skin.SetString(submenu_action,$VAR[value_menu5407.action])</onclick>
	<visible>![IsEmpty(skin.string(menu5407.master)) | String.Contains(skin.string(menu5407.visible),off)] | Window.IsVisible(6000)</visible>
	</item>
	<item>
	<label fallback="31014">$VAR[value_menu5408.label]</label>
	<property name="condition">$INFO[skin.string(menu5408.visible)]</property>
	<property name="name">menu5408</property>
	<property name="id">$INFO[skin.string(menu5408.master)]</property>
	<onclick condition="Window.IsVisible(6000)">SetFocus(5000)</onclick>
	<onclick condition="Window.IsVisible(Home)">Dialog.Close(6054)</onclick>
	<onclick condition="Window.IsVisible(Home)">Skin.SetString(submenu_action,$VAR[value_menu5408.action])</onclick>
	<visible>![IsEmpty(skin.string(menu5408.master)) | String.Contains(skin.string(menu5408.visible),off)] | Window.IsVisible(6000)</visible>
	</item>
	<item>
	<label fallback="31014">$VAR[value_menu5409.label]</label>
	<property name="condition">$INFO[skin.string(menu5409.visible)]</property>
	<property name="name">menu5409</property>
	<property name="id">$INFO[skin.string(menu5409.master)]</property>
	<onclick condition="Window.IsVisible(6000)">SetFocus(5000)</onclick>
	<onclick condition="Window.IsVisible(Home)">Dialog.Close(6054)</onclick>
	<onclick condition="Window.IsVisible(Home)">Skin.SetString(submenu_action,$VAR[value_menu5409.action])</onclick>
	<visible>![IsEmpty(skin.string(menu5409.master)) | String.Contains(skin.string(menu5409.visible),off)] | Window.IsVisible(6000)</visible>
	</item>
	<item>
	<label fallback="31014">$VAR[value_menu5410.label]</label>
	<property name="condition">$INFO[skin.string(menu5410.visible)]</property>
	<property name="name">menu5410</property>
	<property name="id">$INFO[skin.string(menu5410.master)]</property>
	<onclick condition="Window.IsVisible(6000)">SetFocus(5000)</onclick>
	<onclick condition="Window.IsVisible(Home)">Dialog.Close(6054)</onclick>
	<onclick condition="Window.IsVisible(Home)">Skin.SetString(submenu_action,$VAR[value_menu5410.action])</onclick>
	<visible>![IsEmpty(skin.string(menu5410.master)) | String.Contains(skin.string(menu5410.visible),off)] | Window.IsVisible(6000)</visible>
	</item>
	</content>
	</control>
	<include condition="Window.IsVisible(6000)">Glass</include>
	</control>
	</control>
	</controls>
	</window>