	<!-- Aeon MQ 5 -->

	<window id="6045" type="dialog"><!-- Seriado generos -->
	<defaultcontrol>-</defaultcontrol>
	<include>SubMenuCommon</include>
	<controls>
	<control type="group">
	<include condition="Window.IsVisible(6000)">MenuCustom</include>
	<control type="group"><!-- default group -->
	<include>Animation_SubMenu</include>
	<include condition="Window.IsVisible(6000)">SubmenuGoTo</include>
	<include condition="Window.IsVisible(Home)">SubMenuDefault</include>
	<control type="panel" id="9000">
	<include condition="Window.IsVisible(6000)">SubmenuVList</include>
	<include condition="Window.IsVisible(Home)">SubmenuHList</include>
	<content>
	<item>
	<label fallback="31014">$VAR[value_menu4501.label]</label>
	<property name="condition">$INFO[skin.string(menu4501.visible)]</property>
	<property name="name">menu4501</property>
	<property name="id">$INFO[skin.string(menu4501.master)]</property>
	<onclick condition="Window.IsVisible(6000)">SetFocus(5000)</onclick>
	<onclick condition="Window.IsVisible(Home)">Dialog.Close(6045)</onclick>
	<onclick condition="Window.IsVisible(Home)">Skin.SetString(submenu_action,$VAR[value_menu4501.action])</onclick>
	<visible>![IsEmpty(skin.string(menu4501.master)) | String.Contains(skin.string(menu4501.visible),off)] | Window.IsVisible(6000)</visible>
	</item>
	<item>
	<label fallback="31014">$VAR[value_menu4502.label]</label>
	<property name="condition">$INFO[skin.string(menu4502.visible)]</property>
	<property name="name">menu4502</property>
	<property name="id">$INFO[skin.string(menu4502.master)]</property>
	<onclick condition="Window.IsVisible(6000)">SetFocus(5000)</onclick>
	<onclick condition="Window.IsVisible(Home)">Dialog.Close(6045)</onclick>
	<onclick condition="Window.IsVisible(Home)">Skin.SetString(submenu_action,$VAR[value_menu4502.action])</onclick>
	<visible>![IsEmpty(skin.string(menu4502.master)) | String.Contains(skin.string(menu4502.visible),off)] | Window.IsVisible(6000)</visible>
	</item>
	<item>
	<label fallback="31014">$VAR[value_menu4503.label]</label>
	<property name="condition">$INFO[skin.string(menu4503.visible)]</property>
	<property name="name">menu4503</property>
	<property name="id">$INFO[skin.string(menu4503.master)]</property>
	<onclick condition="Window.IsVisible(6000)">SetFocus(5000)</onclick>
	<onclick condition="Window.IsVisible(Home)">Dialog.Close(6045)</onclick>
	<onclick condition="Window.IsVisible(Home)">Skin.SetString(submenu_action,$VAR[value_menu4503.action])</onclick>
	<visible>![IsEmpty(skin.string(menu4503.master)) | String.Contains(skin.string(menu4503.visible),off)] | Window.IsVisible(6000)</visible>
	</item>
	<item>
	<label fallback="31014">$VAR[value_menu4504.label]</label>
	<property name="condition">$INFO[skin.string(menu4504.visible)]</property>
	<property name="name">menu4504</property>
	<property name="id">$INFO[skin.string(menu4504.master)]</property>
	<onclick condition="Window.IsVisible(6000)">SetFocus(5000)</onclick>
	<onclick condition="Window.IsVisible(Home)">Dialog.Close(6045)</onclick>
	<onclick condition="Window.IsVisible(Home)">Skin.SetString(submenu_action,$VAR[value_menu4504.action])</onclick>
	<visible>![IsEmpty(skin.string(menu4504.master)) | String.Contains(skin.string(menu4504.visible),off)] | Window.IsVisible(6000)</visible>
	</item>
	<item>
	<label fallback="31014">$VAR[value_menu4505.label]</label>
	<property name="condition">$INFO[skin.string(menu4505.visible)]</property>
	<property name="name">menu4505</property>
	<property name="id">$INFO[skin.string(menu4505.master)]</property>
	<onclick condition="Window.IsVisible(6000)">SetFocus(5000)</onclick>
	<onclick condition="Window.IsVisible(Home)">Dialog.Close(6045)</onclick>
	<onclick condition="Window.IsVisible(Home)">Skin.SetString(submenu_action,$VAR[value_menu4505.action])</onclick>
	<visible>![IsEmpty(skin.string(menu4505.master)) | String.Contains(skin.string(menu4505.visible),off)] | Window.IsVisible(6000)</visible>
	</item>
	<item>
	<label fallback="31014">$VAR[value_menu4506.label]</label>
	<property name="condition">$INFO[skin.string(menu4506.visible)]</property>
	<property name="name">menu4506</property>
	<property name="id">$INFO[skin.string(menu4506.master)]</property>
	<onclick condition="Window.IsVisible(6000)">SetFocus(5000)</onclick>
	<onclick condition="Window.IsVisible(Home)">Dialog.Close(6045)</onclick>
	<onclick condition="Window.IsVisible(Home)">Skin.SetString(submenu_action,$VAR[value_menu4506.action])</onclick>
	<visible>![IsEmpty(skin.string(menu4506.master)) | String.Contains(skin.string(menu4506.visible),off)] | Window.IsVisible(6000)</visible>
	</item>
	<item>
	<label fallback="31014">$VAR[value_menu4507.label]</label>
	<property name="condition">$INFO[skin.string(menu4507.visible)]</property>
	<property name="name">menu4507</property>
	<property name="id">$INFO[skin.string(menu4507.master)]</property>
	<onclick condition="Window.IsVisible(6000)">SetFocus(5000)</onclick>
	<onclick condition="Window.IsVisible(Home)">Dialog.Close(6045)</onclick>
	<onclick condition="Window.IsVisible(Home)">Skin.SetString(submenu_action,$VAR[value_menu4507.action])</onclick>
	<visible>![IsEmpty(skin.string(menu4507.master)) | String.Contains(skin.string(menu4507.visible),off)] | Window.IsVisible(6000)</visible>
	</item>
	<item>
	<label fallback="31014">$VAR[value_menu4508.label]</label>
	<property name="condition">$INFO[skin.string(menu4508.visible)]</property>
	<property name="name">menu4508</property>
	<property name="id">$INFO[skin.string(menu4508.master)]</property>
	<onclick condition="Window.IsVisible(6000)">SetFocus(5000)</onclick>
	<onclick condition="Window.IsVisible(Home)">Dialog.Close(6045)</onclick>
	<onclick condition="Window.IsVisible(Home)">Skin.SetString(submenu_action,$VAR[value_menu4508.action])</onclick>
	<visible>![IsEmpty(skin.string(menu4508.master)) | String.Contains(skin.string(menu4508.visible),off)] | Window.IsVisible(6000)</visible>
	</item>
	<item>
	<label fallback="31014">$VAR[value_menu4509.label]</label>
	<property name="condition">$INFO[skin.string(menu4509.visible)]</property>
	<property name="name">menu4509</property>
	<property name="id">$INFO[skin.string(menu4509.master)]</property>
	<onclick condition="Window.IsVisible(6000)">SetFocus(5000)</onclick>
	<onclick condition="Window.IsVisible(Home)">Dialog.Close(6045)</onclick>
	<onclick condition="Window.IsVisible(Home)">Skin.SetString(submenu_action,$VAR[value_menu4509.action])</onclick>
	<visible>![IsEmpty(skin.string(menu4509.master)) | String.Contains(skin.string(menu4509.visible),off)] | Window.IsVisible(6000)</visible>
	</item>
	<item>
	<label fallback="31014">$VAR[value_menu4510.label]</label>
	<property name="condition">$INFO[skin.string(menu4510.visible)]</property>
	<property name="name">menu4510</property>
	<property name="id">$INFO[skin.string(menu4510.master)]</property>
	<onclick condition="Window.IsVisible(6000)">SetFocus(5000)</onclick>
	<onclick condition="Window.IsVisible(Home)">Dialog.Close(6045)</onclick>
	<onclick condition="Window.IsVisible(Home)">Skin.SetString(submenu_action,$VAR[value_menu4510.action])</onclick>
	<visible>![IsEmpty(skin.string(menu4510.master)) | String.Contains(skin.string(menu4510.visible),off)] | Window.IsVisible(6000)</visible>
	</item>
	</content>
	</control>
	<include condition="Window.IsVisible(6000)">Glass</include>
	</control>
	</control>
	</controls>
	</window>