	<!-- Aeon MQ 5 -->

	<window id="6042" type="dialog"><!-- Filme tags -->
	<defaultcontrol>-</defaultcontrol>
	<include>SubMenuCommon</include>
	<controls>
	<control type="group">
	<include condition="Window.IsVisible(6000)">MenuCustom</include>
	<control type="group"><!-- default group -->
	<include>Animation_SubMenu</include>
	<include condition="Window.IsVisible(6000)">SubmenuGoTo</include>
	<include condition="Window.IsVisible(Home)">SubMenuDefault</include>
	<control type="panel" id="9000">
	<include condition="Window.IsVisible(6000)">SubmenuVList</include>
	<include condition="Window.IsVisible(Home)">SubmenuHList</include>
	<content>
	<item>
	<label fallback="31014">$VAR[value_menu4201.label]</label>
	<property name="condition">$INFO[skin.string(menu4201.visible)]</property>
	<property name="name">menu4201</property>
	<property name="id">$INFO[skin.string(menu4201.master)]</property>
	<onclick condition="Window.IsVisible(6000)">SetFocus(5000)</onclick>
	<onclick condition="Window.IsVisible(Home)">Dialog.Close(6042)</onclick>
	<onclick condition="Window.IsVisible(Home)">Skin.SetString(submenu_action,$VAR[value_menu4201.action])</onclick>
	<visible>![IsEmpty(skin.string(menu4201.master)) | String.Contains(skin.string(menu4201.visible),off)] | Window.IsVisible(6000)</visible>
	</item>
	<item>
	<label fallback="31014">$VAR[value_menu4202.label]</label>
	<property name="condition">$INFO[skin.string(menu4202.visible)]</property>
	<property name="name">menu4202</property>
	<property name="id">$INFO[skin.string(menu4202.master)]</property>
	<onclick condition="Window.IsVisible(6000)">SetFocus(5000)</onclick>
	<onclick condition="Window.IsVisible(Home)">Dialog.Close(6042)</onclick>
	<onclick condition="Window.IsVisible(Home)">Skin.SetString(submenu_action,$VAR[value_menu4202.action])</onclick>
	<visible>![IsEmpty(skin.string(menu4202.master)) | String.Contains(skin.string(menu4202.visible),off)] | Window.IsVisible(6000)</visible>
	</item>
	<item>
	<label fallback="31014">$VAR[value_menu4203.label]</label>
	<property name="condition">$INFO[skin.string(menu4203.visible)]</property>
	<property name="name">menu4203</property>
	<property name="id">$INFO[skin.string(menu4203.master)]</property>
	<onclick condition="Window.IsVisible(6000)">SetFocus(5000)</onclick>
	<onclick condition="Window.IsVisible(Home)">Dialog.Close(6042)</onclick>
	<onclick condition="Window.IsVisible(Home)">Skin.SetString(submenu_action,$VAR[value_menu4203.action])</onclick>
	<visible>![IsEmpty(skin.string(menu4203.master)) | String.Contains(skin.string(menu4203.visible),off)] | Window.IsVisible(6000)</visible>
	</item>
	<item>
	<label fallback="31014">$VAR[value_menu4204.label]</label>
	<property name="condition">$INFO[skin.string(menu4204.visible)]</property>
	<property name="name">menu4204</property>
	<property name="id">$INFO[skin.string(menu4204.master)]</property>
	<onclick condition="Window.IsVisible(6000)">SetFocus(5000)</onclick>
	<onclick condition="Window.IsVisible(Home)">Dialog.Close(6042)</onclick>
	<onclick condition="Window.IsVisible(Home)">Skin.SetString(submenu_action,$VAR[value_menu4204.action])</onclick>
	<visible>![IsEmpty(skin.string(menu4204.master)) | String.Contains(skin.string(menu4204.visible),off)] | Window.IsVisible(6000)</visible>
	</item>
	<item>
	<label fallback="31014">$VAR[value_menu4205.label]</label>
	<property name="condition">$INFO[skin.string(menu4205.visible)]</property>
	<property name="name">menu4205</property>
	<property name="id">$INFO[skin.string(menu4205.master)]</property>
	<onclick condition="Window.IsVisible(6000)">SetFocus(5000)</onclick>
	<onclick condition="Window.IsVisible(Home)">Dialog.Close(6042)</onclick>
	<onclick condition="Window.IsVisible(Home)">Skin.SetString(submenu_action,$VAR[value_menu4205.action])</onclick>
	<visible>![IsEmpty(skin.string(menu4205.master)) | String.Contains(skin.string(menu4205.visible),off)] | Window.IsVisible(6000)</visible>
	</item>
	<item>
	<label fallback="31014">$VAR[value_menu4206.label]</label>
	<property name="condition">$INFO[skin.string(menu4206.visible)]</property>
	<property name="name">menu4206</property>
	<property name="id">$INFO[skin.string(menu4206.master)]</property>
	<onclick condition="Window.IsVisible(6000)">SetFocus(5000)</onclick>
	<onclick condition="Window.IsVisible(Home)">Dialog.Close(6042)</onclick>
	<onclick condition="Window.IsVisible(Home)">Skin.SetString(submenu_action,$VAR[value_menu4206.action])</onclick>
	<visible>![IsEmpty(skin.string(menu4206.master)) | String.Contains(skin.string(menu4206.visible),off)] | Window.IsVisible(6000)</visible>
	</item>
	<item>
	<label fallback="31014">$VAR[value_menu4207.label]</label>
	<property name="condition">$INFO[skin.string(menu4207.visible)]</property>
	<property name="name">menu4207</property>
	<property name="id">$INFO[skin.string(menu4207.master)]</property>
	<onclick condition="Window.IsVisible(6000)">SetFocus(5000)</onclick>
	<onclick condition="Window.IsVisible(Home)">Dialog.Close(6042)</onclick>
	<onclick condition="Window.IsVisible(Home)">Skin.SetString(submenu_action,$VAR[value_menu4207.action])</onclick>
	<visible>![IsEmpty(skin.string(menu4207.master)) | String.Contains(skin.string(menu4207.visible),off)] | Window.IsVisible(6000)</visible>
	</item>
	<item>
	<label fallback="31014">$VAR[value_menu4208.label]</label>
	<property name="condition">$INFO[skin.string(menu4208.visible)]</property>
	<property name="name">menu4208</property>
	<property name="id">$INFO[skin.string(menu4208.master)]</property>
	<onclick condition="Window.IsVisible(6000)">SetFocus(5000)</onclick>
	<onclick condition="Window.IsVisible(Home)">Dialog.Close(6042)</onclick>
	<onclick condition="Window.IsVisible(Home)">Skin.SetString(submenu_action,$VAR[value_menu4208.action])</onclick>
	<visible>![IsEmpty(skin.string(menu4208.master)) | String.Contains(skin.string(menu4208.visible),off)] | Window.IsVisible(6000)</visible>
	</item>
	<item>
	<label fallback="31014">$VAR[value_menu4209.label]</label>
	<property name="condition">$INFO[skin.string(menu4209.visible)]</property>
	<property name="name">menu4209</property>
	<property name="id">$INFO[skin.string(menu4209.master)]</property>
	<onclick condition="Window.IsVisible(6000)">SetFocus(5000)</onclick>
	<onclick condition="Window.IsVisible(Home)">Dialog.Close(6042)</onclick>
	<onclick condition="Window.IsVisible(Home)">Skin.SetString(submenu_action,$VAR[value_menu4209.action])</onclick>
	<visible>![IsEmpty(skin.string(menu4209.master)) | String.Contains(skin.string(menu4209.visible),off)] | Window.IsVisible(6000)</visible>
	</item>
	<item>
	<label fallback="31014">$VAR[value_menu4210.label]</label>
	<property name="condition">$INFO[skin.string(menu4210.visible)]</property>
	<property name="name">menu4210</property>
	<property name="id">$INFO[skin.string(menu4210.master)]</property>
	<onclick condition="Window.IsVisible(6000)">SetFocus(5000)</onclick>
	<onclick condition="Window.IsVisible(Home)">Dialog.Close(6042)</onclick>
	<onclick condition="Window.IsVisible(Home)">Skin.SetString(submenu_action,$VAR[value_menu4210.action])</onclick>
	<visible>![IsEmpty(skin.string(menu4210.master)) | String.Contains(skin.string(menu4210.visible),off)] | Window.IsVisible(6000)</visible>
	</item>
	</content>
	</control>
	<include condition="Window.IsVisible(6000)">Glass</include>
	</control>
	</control>
	</controls>
	</window>