	<!-- Aeon MQ 5 -->

	<window id="6206" type="dialog"><!-- A-Playlist 6 -->
	<defaultcontrol>-</defaultcontrol>
	<include>SubMenuCommon</include>
	<controls>
	<control type="group">
	<include condition="Window.IsVisible(6000)">MenuCustom</include>
	<control type="group"><!-- default group -->
	<include>Animation_SubMenu</include>
	<include condition="Window.IsVisible(6000)">SubmenuGoTo</include>
	<include condition="Window.IsVisible(Home)">SubMenuDefault</include>
	<control type="panel" id="9000">
	<include condition="Window.IsVisible(6000)">SubmenuVList</include>
	<include condition="Window.IsVisible(Home)">SubmenuHList</include>
	<content>
	<item>
	<label fallback="31014">$VAR[value_menu20601.label]</label>
	<property name="condition">$INFO[skin.string(menu20601.visible)]</property>
	<property name="name">menu20601</property>
	<property name="id">$INFO[skin.string(menu20601.master)]</property>
	<onclick condition="Window.IsVisible(6000)">SetFocus(5000)</onclick>
	<onclick condition="Window.IsVisible(Home)">Dialog.Close(6206)</onclick>
	<onclick condition="Window.IsVisible(Home)">Skin.SetString(submenu_action,$VAR[value_menu20601.action])</onclick>
	<visible>![IsEmpty(skin.string(menu20601.master)) | String.Contains(skin.string(menu20601.visible),off)] | Window.IsVisible(6000)</visible>
	</item>
	<item>
	<label fallback="31014">$VAR[value_menu20602.label]</label>
	<property name="condition">$INFO[skin.string(menu20602.visible)]</property>
	<property name="name">menu20602</property>
	<property name="id">$INFO[skin.string(menu20602.master)]</property>
	<onclick condition="Window.IsVisible(6000)">SetFocus(5000)</onclick>
	<onclick condition="Window.IsVisible(Home)">Dialog.Close(6206)</onclick>
	<onclick condition="Window.IsVisible(Home)">Skin.SetString(submenu_action,$VAR[value_menu20602.action])</onclick>
	<visible>![IsEmpty(skin.string(menu20602.master)) | String.Contains(skin.string(menu20602.visible),off)] | Window.IsVisible(6000)</visible>
	</item>
	<item>
	<label fallback="31014">$VAR[value_menu20603.label]</label>
	<property name="condition">$INFO[skin.string(menu20603.visible)]</property>
	<property name="name">menu20603</property>
	<property name="id">$INFO[skin.string(menu20603.master)]</property>
	<onclick condition="Window.IsVisible(6000)">SetFocus(5000)</onclick>
	<onclick condition="Window.IsVisible(Home)">Dialog.Close(6206)</onclick>
	<onclick condition="Window.IsVisible(Home)">Skin.SetString(submenu_action,$VAR[value_menu20603.action])</onclick>
	<visible>![IsEmpty(skin.string(menu20603.master)) | String.Contains(skin.string(menu20603.visible),off)] | Window.IsVisible(6000)</visible>
	</item>
	<item>
	<label fallback="31014">$VAR[value_menu20604.label]</label>
	<property name="condition">$INFO[skin.string(menu20604.visible)]</property>
	<property name="name">menu20604</property>
	<property name="id">$INFO[skin.string(menu20604.master)]</property>
	<onclick condition="Window.IsVisible(6000)">SetFocus(5000)</onclick>
	<onclick condition="Window.IsVisible(Home)">Dialog.Close(6206)</onclick>
	<onclick condition="Window.IsVisible(Home)">Skin.SetString(submenu_action,$VAR[value_menu20604.action])</onclick>
	<visible>![IsEmpty(skin.string(menu20604.master)) | String.Contains(skin.string(menu20604.visible),off)] | Window.IsVisible(6000)</visible>
	</item>
	<item>
	<label fallback="31014">$VAR[value_menu20605.label]</label>
	<property name="condition">$INFO[skin.string(menu20605.visible)]</property>
	<property name="name">menu20605</property>
	<property name="id">$INFO[skin.string(menu20605.master)]</property>
	<onclick condition="Window.IsVisible(6000)">SetFocus(5000)</onclick>
	<onclick condition="Window.IsVisible(Home)">Dialog.Close(6206)</onclick>
	<onclick condition="Window.IsVisible(Home)">Skin.SetString(submenu_action,$VAR[value_menu20605.action])</onclick>
	<visible>![IsEmpty(skin.string(menu20605.master)) | String.Contains(skin.string(menu20605.visible),off)] | Window.IsVisible(6000)</visible>
	</item>
	<item>
	<label fallback="31014">$VAR[value_menu20606.label]</label>
	<property name="condition">$INFO[skin.string(menu20606.visible)]</property>
	<property name="name">menu20606</property>
	<property name="id">$INFO[skin.string(menu20606.master)]</property>
	<onclick condition="Window.IsVisible(6000)">SetFocus(5000)</onclick>
	<onclick condition="Window.IsVisible(Home)">Dialog.Close(6206)</onclick>
	<onclick condition="Window.IsVisible(Home)">Skin.SetString(submenu_action,$VAR[value_menu20606.action])</onclick>
	<visible>![IsEmpty(skin.string(menu20606.master)) | String.Contains(skin.string(menu20606.visible),off)] | Window.IsVisible(6000)</visible>
	</item>
	<item>
	<label fallback="31014">$VAR[value_menu20607.label]</label>
	<property name="condition">$INFO[skin.string(menu20607.visible)]</property>
	<property name="name">menu20607</property>
	<property name="id">$INFO[skin.string(menu20607.master)]</property>
	<onclick condition="Window.IsVisible(6000)">SetFocus(5000)</onclick>
	<onclick condition="Window.IsVisible(Home)">Dialog.Close(6206)</onclick>
	<onclick condition="Window.IsVisible(Home)">Skin.SetString(submenu_action,$VAR[value_menu20607.action])</onclick>
	<visible>![IsEmpty(skin.string(menu20607.master)) | String.Contains(skin.string(menu20607.visible),off)] | Window.IsVisible(6000)</visible>
	</item>
	<item>
	<label fallback="31014">$VAR[value_menu20608.label]</label>
	<property name="condition">$INFO[skin.string(menu20608.visible)]</property>
	<property name="name">menu20608</property>
	<property name="id">$INFO[skin.string(menu20608.master)]</property>
	<onclick condition="Window.IsVisible(6000)">SetFocus(5000)</onclick>
	<onclick condition="Window.IsVisible(Home)">Dialog.Close(6206)</onclick>
	<onclick condition="Window.IsVisible(Home)">Skin.SetString(submenu_action,$VAR[value_menu20608.action])</onclick>
	<visible>![IsEmpty(skin.string(menu20608.master)) | String.Contains(skin.string(menu20608.visible),off)] | Window.IsVisible(6000)</visible>
	</item>
	<item>
	<label fallback="31014">$VAR[value_menu20609.label]</label>
	<property name="condition">$INFO[skin.string(menu20609.visible)]</property>
	<property name="name">menu20609</property>
	<property name="id">$INFO[skin.string(menu20609.master)]</property>
	<onclick condition="Window.IsVisible(6000)">SetFocus(5000)</onclick>
	<onclick condition="Window.IsVisible(Home)">Dialog.Close(6206)</onclick>
	<onclick condition="Window.IsVisible(Home)">Skin.SetString(submenu_action,$VAR[value_menu20609.action])</onclick>
	<visible>![IsEmpty(skin.string(menu20609.master)) | String.Contains(skin.string(menu20609.visible),off)] | Window.IsVisible(6000)</visible>
	</item>
	<item>
	<label fallback="31014">$VAR[value_menu20610.label]</label>
	<property name="condition">$INFO[skin.string(menu20610.visible)]</property>
	<property name="name">menu20610</property>
	<property name="id">$INFO[skin.string(menu20610.master)]</property>
	<onclick condition="Window.IsVisible(6000)">SetFocus(5000)</onclick>
	<onclick condition="Window.IsVisible(Home)">Dialog.Close(6206)</onclick>
	<onclick condition="Window.IsVisible(Home)">Skin.SetString(submenu_action,$VAR[value_menu20610.action])</onclick>
	<visible>![IsEmpty(skin.string(menu20610.master)) | String.Contains(skin.string(menu20610.visible),off)] | Window.IsVisible(6000)</visible>
	</item>
	<item>
	<label fallback="31014">$VAR[value_menu20611.label]</label>
	<property name="condition">$INFO[skin.string(menu20611.visible)]</property>
	<property name="name">menu20611</property>
	<property name="id">$INFO[skin.string(menu20611.master)]</property>
	<onclick condition="Window.IsVisible(6000)">SetFocus(5000)</onclick>
	<onclick condition="Window.IsVisible(Home)">Dialog.Close(6206)</onclick>
	<onclick condition="Window.IsVisible(Home)">Skin.SetString(submenu_action,$VAR[value_menu20611.action])</onclick>
	<visible>![IsEmpty(skin.string(menu20611.master)) | String.Contains(skin.string(menu20611.visible),off)] | Window.IsVisible(6000)</visible>
	</item>
	<item>
	<label fallback="31014">$VAR[value_menu20612.label]</label>
	<property name="condition">$INFO[skin.string(menu20612.visible)]</property>
	<property name="name">menu20612</property>
	<property name="id">$INFO[skin.string(menu20612.master)]</property>
	<onclick condition="Window.IsVisible(6000)">SetFocus(5000)</onclick>
	<onclick condition="Window.IsVisible(Home)">Dialog.Close(6206)</onclick>
	<onclick condition="Window.IsVisible(Home)">Skin.SetString(submenu_action,$VAR[value_menu20612.action])</onclick>
	<visible>![IsEmpty(skin.string(menu20612.master)) | String.Contains(skin.string(menu20612.visible),off)] | Window.IsVisible(6000)</visible>
	</item>
	<item>
	<label fallback="31014">$VAR[value_menu20613.label]</label>
	<property name="condition">$INFO[skin.string(menu20613.visible)]</property>
	<property name="name">menu20613</property>
	<property name="id">$INFO[skin.string(menu20613.master)]</property>
	<onclick condition="Window.IsVisible(6000)">SetFocus(5000)</onclick>
	<onclick condition="Window.IsVisible(Home)">Dialog.Close(6206)</onclick>
	<onclick condition="Window.IsVisible(Home)">Skin.SetString(submenu_action,$VAR[value_menu20613.action])</onclick>
	<visible>![IsEmpty(skin.string(menu20613.master)) | String.Contains(skin.string(menu20613.visible),off)] | Window.IsVisible(6000)</visible>
	</item>
	<item>
	<label fallback="31014">$VAR[value_menu20614.label]</label>
	<property name="condition">$INFO[skin.string(menu20614.visible)]</property>
	<property name="name">menu20614</property>
	<property name="id">$INFO[skin.string(menu20614.master)]</property>
	<onclick condition="Window.IsVisible(6000)">SetFocus(5000)</onclick>
	<onclick condition="Window.IsVisible(Home)">Dialog.Close(6206)</onclick>
	<onclick condition="Window.IsVisible(Home)">Skin.SetString(submenu_action,$VAR[value_menu20614.action])</onclick>
	<visible>![IsEmpty(skin.string(menu20614.master)) | String.Contains(skin.string(menu20614.visible),off)] | Window.IsVisible(6000)</visible>
	</item>
	<item>
	<label fallback="31014">$VAR[value_menu20615.label]</label>
	<property name="condition">$INFO[skin.string(menu20615.visible)]</property>
	<property name="name">menu20615</property>
	<property name="id">$INFO[skin.string(menu20615.master)]</property>
	<onclick condition="Window.IsVisible(6000)">SetFocus(5000)</onclick>
	<onclick condition="Window.IsVisible(Home)">Dialog.Close(6206)</onclick>
	<onclick condition="Window.IsVisible(Home)">Skin.SetString(submenu_action,$VAR[value_menu20615.action])</onclick>
	<visible>![IsEmpty(skin.string(menu20615.master)) | String.Contains(skin.string(menu20615.visible),off)] | Window.IsVisible(6000)</visible>
	</item>
	</content>
	</control>
	<include condition="Window.IsVisible(6000)">Glass</include>
	</control>
	</control>
	</controls>
	</window>