	<!-- Aeon MQ 5 -->

	<window id="6503" type="dialog"><!-- Addon 3 -->
	<defaultcontrol>-</defaultcontrol>
	<include>SubMenuCommon</include>
	<controls>
	<control type="group">
	<include condition="Window.IsVisible(6000)">MenuCustom</include>
	<control type="group"><!-- default group -->
	<include>Animation_SubMenu</include>
	<include condition="Window.IsVisible(6000)">SubmenuGoTo</include>
	<include condition="Window.IsVisible(Home)">SubMenuDefault</include>
	<control type="panel" id="9000">
	<include condition="Window.IsVisible(6000)">SubmenuVList</include>
	<include condition="Window.IsVisible(Home)">SubmenuHList</include>
	<content>
	<item>
	<label fallback="31014">$VAR[value_menu50301.label]</label>
	<property name="condition">$INFO[skin.string(menu50301.visible)]</property>
	<property name="name">menu50301</property>
	<property name="id">$INFO[skin.string(menu50301.master)]</property>
	<onclick condition="Window.IsVisible(6000)">SetFocus(5000)</onclick>
	<onclick condition="Window.IsVisible(Home)">Dialog.Close(6503)</onclick>
	<onclick condition="Window.IsVisible(Home)">Skin.SetString(submenu_action,$VAR[value_menu50301.action])</onclick>
	<visible>![IsEmpty(skin.string(menu50301.master)) | String.Contains(skin.string(menu50301.visible),off)] | Window.IsVisible(6000)</visible>
	</item>
	<item>
	<label fallback="31014">$VAR[value_menu50302.label]</label>
	<property name="condition">$INFO[skin.string(menu50302.visible)]</property>
	<property name="name">menu50302</property>
	<property name="id">$INFO[skin.string(menu50302.master)]</property>
	<onclick condition="Window.IsVisible(6000)">SetFocus(5000)</onclick>
	<onclick condition="Window.IsVisible(Home)">Dialog.Close(6503)</onclick>
	<onclick condition="Window.IsVisible(Home)">Skin.SetString(submenu_action,$VAR[value_menu50302.action])</onclick>
	<visible>![IsEmpty(skin.string(menu50302.master)) | String.Contains(skin.string(menu50302.visible),off)] | Window.IsVisible(6000)</visible>
	</item>
	<item>
	<label fallback="31014">$VAR[value_menu50303.label]</label>
	<property name="condition">$INFO[skin.string(menu50303.visible)]</property>
	<property name="name">menu50303</property>
	<property name="id">$INFO[skin.string(menu50303.master)]</property>
	<onclick condition="Window.IsVisible(6000)">SetFocus(5000)</onclick>
	<onclick condition="Window.IsVisible(Home)">Dialog.Close(6503)</onclick>
	<onclick condition="Window.IsVisible(Home)">Skin.SetString(submenu_action,$VAR[value_menu50303.action])</onclick>
	<visible>![IsEmpty(skin.string(menu50303.master)) | String.Contains(skin.string(menu50303.visible),off)] | Window.IsVisible(6000)</visible>
	</item>
	<item>
	<label fallback="31014">$VAR[value_menu50304.label]</label>
	<property name="condition">$INFO[skin.string(menu50304.visible)]</property>
	<property name="name">menu50304</property>
	<property name="id">$INFO[skin.string(menu50304.master)]</property>
	<onclick condition="Window.IsVisible(6000)">SetFocus(5000)</onclick>
	<onclick condition="Window.IsVisible(Home)">Dialog.Close(6503)</onclick>
	<onclick condition="Window.IsVisible(Home)">Skin.SetString(submenu_action,$VAR[value_menu50304.action])</onclick>
	<visible>![IsEmpty(skin.string(menu50304.master)) | String.Contains(skin.string(menu50304.visible),off)] | Window.IsVisible(6000)</visible>
	</item>
	<item>
	<label fallback="31014">$VAR[value_menu50305.label]</label>
	<property name="condition">$INFO[skin.string(menu50305.visible)]</property>
	<property name="name">menu50305</property>
	<property name="id">$INFO[skin.string(menu50305.master)]</property>
	<onclick condition="Window.IsVisible(6000)">SetFocus(5000)</onclick>
	<onclick condition="Window.IsVisible(Home)">Dialog.Close(6503)</onclick>
	<onclick condition="Window.IsVisible(Home)">Skin.SetString(submenu_action,$VAR[value_menu50305.action])</onclick>
	<visible>![IsEmpty(skin.string(menu50305.master)) | String.Contains(skin.string(menu50305.visible),off)] | Window.IsVisible(6000)</visible>
	</item>
	<item>
	<label fallback="31014">$VAR[value_menu50306.label]</label>
	<property name="condition">$INFO[skin.string(menu50306.visible)]</property>
	<property name="name">menu50306</property>
	<property name="id">$INFO[skin.string(menu50306.master)]</property>
	<onclick condition="Window.IsVisible(6000)">SetFocus(5000)</onclick>
	<onclick condition="Window.IsVisible(Home)">Dialog.Close(6503)</onclick>
	<onclick condition="Window.IsVisible(Home)">Skin.SetString(submenu_action,$VAR[value_menu50306.action])</onclick>
	<visible>![IsEmpty(skin.string(menu50306.master)) | String.Contains(skin.string(menu50306.visible),off)] | Window.IsVisible(6000)</visible>
	</item>
	<item>
	<label fallback="31014">$VAR[value_menu50307.label]</label>
	<property name="condition">$INFO[skin.string(menu50307.visible)]</property>
	<property name="name">menu50307</property>
	<property name="id">$INFO[skin.string(menu50307.master)]</property>
	<onclick condition="Window.IsVisible(6000)">SetFocus(5000)</onclick>
	<onclick condition="Window.IsVisible(Home)">Dialog.Close(6503)</onclick>
	<onclick condition="Window.IsVisible(Home)">Skin.SetString(submenu_action,$VAR[value_menu50307.action])</onclick>
	<visible>![IsEmpty(skin.string(menu50307.master)) | String.Contains(skin.string(menu50307.visible),off)] | Window.IsVisible(6000)</visible>
	</item>
	<item>
	<label fallback="31014">$VAR[value_menu50308.label]</label>
	<property name="condition">$INFO[skin.string(menu50308.visible)]</property>
	<property name="name">menu50308</property>
	<property name="id">$INFO[skin.string(menu50308.master)]</property>
	<onclick condition="Window.IsVisible(6000)">SetFocus(5000)</onclick>
	<onclick condition="Window.IsVisible(Home)">Dialog.Close(6503)</onclick>
	<onclick condition="Window.IsVisible(Home)">Skin.SetString(submenu_action,$VAR[value_menu50308.action])</onclick>
	<visible>![IsEmpty(skin.string(menu50308.master)) | String.Contains(skin.string(menu50308.visible),off)] | Window.IsVisible(6000)</visible>
	</item>
	<item>
	<label fallback="31014">$VAR[value_menu50309.label]</label>
	<property name="condition">$INFO[skin.string(menu50309.visible)]</property>
	<property name="name">menu50309</property>
	<property name="id">$INFO[skin.string(menu50309.master)]</property>
	<onclick condition="Window.IsVisible(6000)">SetFocus(5000)</onclick>
	<onclick condition="Window.IsVisible(Home)">Dialog.Close(6503)</onclick>
	<onclick condition="Window.IsVisible(Home)">Skin.SetString(submenu_action,$VAR[value_menu50309.action])</onclick>
	<visible>![IsEmpty(skin.string(menu50309.master)) | String.Contains(skin.string(menu50309.visible),off)] | Window.IsVisible(6000)</visible>
	</item>
	<item>
	<label fallback="31014">$VAR[value_menu50310.label]</label>
	<property name="condition">$INFO[skin.string(menu50310.visible)]</property>
	<property name="name">menu50310</property>
	<property name="id">$INFO[skin.string(menu50310.master)]</property>
	<onclick condition="Window.IsVisible(6000)">SetFocus(5000)</onclick>
	<onclick condition="Window.IsVisible(Home)">Dialog.Close(6503)</onclick>
	<onclick condition="Window.IsVisible(Home)">Skin.SetString(submenu_action,$VAR[value_menu50310.action])</onclick>
	<visible>![IsEmpty(skin.string(menu50310.master)) | String.Contains(skin.string(menu50310.visible),off)] | Window.IsVisible(6000)</visible>
	</item>
	<item>
	<label fallback="31014">$VAR[value_menu50311.label]</label>
	<property name="condition">$INFO[skin.string(menu50311.visible)]</property>
	<property name="name">menu50311</property>
	<property name="id">$INFO[skin.string(menu50311.master)]</property>
	<onclick condition="Window.IsVisible(6000)">SetFocus(5000)</onclick>
	<onclick condition="Window.IsVisible(Home)">Dialog.Close(6503)</onclick>
	<onclick condition="Window.IsVisible(Home)">Skin.SetString(submenu_action,$VAR[value_menu50311.action])</onclick>
	<visible>![IsEmpty(skin.string(menu50311.master)) | String.Contains(skin.string(menu50311.visible),off)] | Window.IsVisible(6000)</visible>
	</item>
	<item>
	<label fallback="31014">$VAR[value_menu50312.label]</label>
	<property name="condition">$INFO[skin.string(menu50312.visible)]</property>
	<property name="name">menu50312</property>
	<property name="id">$INFO[skin.string(menu50312.master)]</property>
	<onclick condition="Window.IsVisible(6000)">SetFocus(5000)</onclick>
	<onclick condition="Window.IsVisible(Home)">Dialog.Close(6503)</onclick>
	<onclick condition="Window.IsVisible(Home)">Skin.SetString(submenu_action,$VAR[value_menu50312.action])</onclick>
	<visible>![IsEmpty(skin.string(menu50312.master)) | String.Contains(skin.string(menu50312.visible),off)] | Window.IsVisible(6000)</visible>
	</item>
	<item>
	<label fallback="31014">$VAR[value_menu50313.label]</label>
	<property name="condition">$INFO[skin.string(menu50313.visible)]</property>
	<property name="name">menu50313</property>
	<property name="id">$INFO[skin.string(menu50313.master)]</property>
	<onclick condition="Window.IsVisible(6000)">SetFocus(5000)</onclick>
	<onclick condition="Window.IsVisible(Home)">Dialog.Close(6503)</onclick>
	<onclick condition="Window.IsVisible(Home)">Skin.SetString(submenu_action,$VAR[value_menu50313.action])</onclick>
	<visible>![IsEmpty(skin.string(menu50313.master)) | String.Contains(skin.string(menu50313.visible),off)] | Window.IsVisible(6000)</visible>
	</item>
	<item>
	<label fallback="31014">$VAR[value_menu50314.label]</label>
	<property name="condition">$INFO[skin.string(menu50314.visible)]</property>
	<property name="name">menu50314</property>
	<property name="id">$INFO[skin.string(menu50314.master)]</property>
	<onclick condition="Window.IsVisible(6000)">SetFocus(5000)</onclick>
	<onclick condition="Window.IsVisible(Home)">Dialog.Close(6503)</onclick>
	<onclick condition="Window.IsVisible(Home)">Skin.SetString(submenu_action,$VAR[value_menu50314.action])</onclick>
	<visible>![IsEmpty(skin.string(menu50314.master)) | String.Contains(skin.string(menu50314.visible),off)] | Window.IsVisible(6000)</visible>
	</item>
	<item>
	<label fallback="31014">$VAR[value_menu50315.label]</label>
	<property name="condition">$INFO[skin.string(menu50315.visible)]</property>
	<property name="name">menu50315</property>
	<property name="id">$INFO[skin.string(menu50315.master)]</property>
	<onclick condition="Window.IsVisible(6000)">SetFocus(5000)</onclick>
	<onclick condition="Window.IsVisible(Home)">Dialog.Close(6503)</onclick>
	<onclick condition="Window.IsVisible(Home)">Skin.SetString(submenu_action,$VAR[value_menu50315.action])</onclick>
	<visible>![IsEmpty(skin.string(menu50315.master)) | String.Contains(skin.string(menu50315.visible),off)] | Window.IsVisible(6000)</visible>
	</item>
	</content>
	</control>
	<include condition="Window.IsVisible(6000)">Glass</include>
	</control>
	</control>
	</controls>
	</window>