	<!-- Aeon MQ 5 -->

	<window id="6051" type="dialog"><!-- Concerto anos -->
	<defaultcontrol>-</defaultcontrol>
	<include>SubMenuCommon</include>
	<controls>
	<control type="group">
	<include condition="Window.IsVisible(6000)">MenuCustom</include>
	<control type="group"><!-- default group -->
	<include>Animation_SubMenu</include>
	<include condition="Window.IsVisible(6000)">SubmenuGoTo</include>
	<include condition="Window.IsVisible(Home)">SubMenuDefault</include>
	<control type="panel" id="9000">
	<include condition="Window.IsVisible(6000)">SubmenuVList</include>
	<include condition="Window.IsVisible(Home)">SubmenuHList</include>
	<content>
	<item>
	<label fallback="31014">$VAR[value_menu5101.label]</label>
	<property name="condition">$INFO[skin.string(menu5101.visible)]</property>
	<property name="name">menu5101</property>
	<property name="id">$INFO[skin.string(menu5101.master)]</property>
	<onclick condition="Window.IsVisible(6000)">SetFocus(5000)</onclick>
	<onclick condition="Window.IsVisible(Home)">Dialog.Close(6051)</onclick>
	<onclick condition="Window.IsVisible(Home)">Skin.SetString(submenu_action,$VAR[value_menu5101.action])</onclick>
	<visible>![IsEmpty(skin.string(menu5101.master)) | String.Contains(skin.string(menu5101.visible),off)] | Window.IsVisible(6000)</visible>
	</item>
	<item>
	<label fallback="31014">$VAR[value_menu5102.label]</label>
	<property name="condition">$INFO[skin.string(menu5102.visible)]</property>
	<property name="name">menu5102</property>
	<property name="id">$INFO[skin.string(menu5102.master)]</property>
	<onclick condition="Window.IsVisible(6000)">SetFocus(5000)</onclick>
	<onclick condition="Window.IsVisible(Home)">Dialog.Close(6051)</onclick>
	<onclick condition="Window.IsVisible(Home)">Skin.SetString(submenu_action,$VAR[value_menu5102.action])</onclick>
	<visible>![IsEmpty(skin.string(menu5102.master)) | String.Contains(skin.string(menu5102.visible),off)] | Window.IsVisible(6000)</visible>
	</item>
	<item>
	<label fallback="31014">$VAR[value_menu5103.label]</label>
	<property name="condition">$INFO[skin.string(menu5103.visible)]</property>
	<property name="name">menu5103</property>
	<property name="id">$INFO[skin.string(menu5103.master)]</property>
	<onclick condition="Window.IsVisible(6000)">SetFocus(5000)</onclick>
	<onclick condition="Window.IsVisible(Home)">Dialog.Close(6051)</onclick>
	<onclick condition="Window.IsVisible(Home)">Skin.SetString(submenu_action,$VAR[value_menu5103.action])</onclick>
	<visible>![IsEmpty(skin.string(menu5103.master)) | String.Contains(skin.string(menu5103.visible),off)] | Window.IsVisible(6000)</visible>
	</item>
	<item>
	<label fallback="31014">$VAR[value_menu5104.label]</label>
	<property name="condition">$INFO[skin.string(menu5104.visible)]</property>
	<property name="name">menu5104</property>
	<property name="id">$INFO[skin.string(menu5104.master)]</property>
	<onclick condition="Window.IsVisible(6000)">SetFocus(5000)</onclick>
	<onclick condition="Window.IsVisible(Home)">Dialog.Close(6051)</onclick>
	<onclick condition="Window.IsVisible(Home)">Skin.SetString(submenu_action,$VAR[value_menu5104.action])</onclick>
	<visible>![IsEmpty(skin.string(menu5104.master)) | String.Contains(skin.string(menu5104.visible),off)] | Window.IsVisible(6000)</visible>
	</item>
	<item>
	<label fallback="31014">$VAR[value_menu5105.label]</label>
	<property name="condition">$INFO[skin.string(menu5105.visible)]</property>
	<property name="name">menu5105</property>
	<property name="id">$INFO[skin.string(menu5105.master)]</property>
	<onclick condition="Window.IsVisible(6000)">SetFocus(5000)</onclick>
	<onclick condition="Window.IsVisible(Home)">Dialog.Close(6051)</onclick>
	<onclick condition="Window.IsVisible(Home)">Skin.SetString(submenu_action,$VAR[value_menu5105.action])</onclick>
	<visible>![IsEmpty(skin.string(menu5105.master)) | String.Contains(skin.string(menu5105.visible),off)] | Window.IsVisible(6000)</visible>
	</item>
	<item>
	<label fallback="31014">$VAR[value_menu5106.label]</label>
	<property name="condition">$INFO[skin.string(menu5106.visible)]</property>
	<property name="name">menu5106</property>
	<property name="id">$INFO[skin.string(menu5106.master)]</property>
	<onclick condition="Window.IsVisible(6000)">SetFocus(5000)</onclick>
	<onclick condition="Window.IsVisible(Home)">Dialog.Close(6051)</onclick>
	<onclick condition="Window.IsVisible(Home)">Skin.SetString(submenu_action,$VAR[value_menu5106.action])</onclick>
	<visible>![IsEmpty(skin.string(menu5106.master)) | String.Contains(skin.string(menu5106.visible),off)] | Window.IsVisible(6000)</visible>
	</item>
	<item>
	<label fallback="31014">$VAR[value_menu5107.label]</label>
	<property name="condition">$INFO[skin.string(menu5107.visible)]</property>
	<property name="name">menu5107</property>
	<property name="id">$INFO[skin.string(menu5107.master)]</property>
	<onclick condition="Window.IsVisible(6000)">SetFocus(5000)</onclick>
	<onclick condition="Window.IsVisible(Home)">Dialog.Close(6051)</onclick>
	<onclick condition="Window.IsVisible(Home)">Skin.SetString(submenu_action,$VAR[value_menu5107.action])</onclick>
	<visible>![IsEmpty(skin.string(menu5107.master)) | String.Contains(skin.string(menu5107.visible),off)] | Window.IsVisible(6000)</visible>
	</item>
	<item>
	<label fallback="31014">$VAR[value_menu5108.label]</label>
	<property name="condition">$INFO[skin.string(menu5108.visible)]</property>
	<property name="name">menu5108</property>
	<property name="id">$INFO[skin.string(menu5108.master)]</property>
	<onclick condition="Window.IsVisible(6000)">SetFocus(5000)</onclick>
	<onclick condition="Window.IsVisible(Home)">Dialog.Close(6051)</onclick>
	<onclick condition="Window.IsVisible(Home)">Skin.SetString(submenu_action,$VAR[value_menu5108.action])</onclick>
	<visible>![IsEmpty(skin.string(menu5108.master)) | String.Contains(skin.string(menu5108.visible),off)] | Window.IsVisible(6000)</visible>
	</item>
	<item>
	<label fallback="31014">$VAR[value_menu5109.label]</label>
	<property name="condition">$INFO[skin.string(menu5109.visible)]</property>
	<property name="name">menu5109</property>
	<property name="id">$INFO[skin.string(menu5109.master)]</property>
	<onclick condition="Window.IsVisible(6000)">SetFocus(5000)</onclick>
	<onclick condition="Window.IsVisible(Home)">Dialog.Close(6051)</onclick>
	<onclick condition="Window.IsVisible(Home)">Skin.SetString(submenu_action,$VAR[value_menu5109.action])</onclick>
	<visible>![IsEmpty(skin.string(menu5109.master)) | String.Contains(skin.string(menu5109.visible),off)] | Window.IsVisible(6000)</visible>
	</item>
	<item>
	<label fallback="31014">$VAR[value_menu5110.label]</label>
	<property name="condition">$INFO[skin.string(menu5110.visible)]</property>
	<property name="name">menu5110</property>
	<property name="id">$INFO[skin.string(menu5110.master)]</property>
	<onclick condition="Window.IsVisible(6000)">SetFocus(5000)</onclick>
	<onclick condition="Window.IsVisible(Home)">Dialog.Close(6051)</onclick>
	<onclick condition="Window.IsVisible(Home)">Skin.SetString(submenu_action,$VAR[value_menu5110.action])</onclick>
	<visible>![IsEmpty(skin.string(menu5110.master)) | String.Contains(skin.string(menu5110.visible),off)] | Window.IsVisible(6000)</visible>
	</item>
	</content>
	</control>
	<include condition="Window.IsVisible(6000)">Glass</include>
	</control>
	</control>
	</controls>
	</window>