	<!-- Aeon MQ 5 -->

	<window id="6066" type="dialog"><!-- Musica compilacoes -->
	<defaultcontrol>-</defaultcontrol>
	<include>SubMenuCommon</include>
	<controls>
	<control type="group">
	<include condition="Window.IsVisible(6000)">MenuCustom</include>
	<control type="group"><!-- default group -->
	<include>Animation_SubMenu</include>
	<include condition="Window.IsVisible(6000)">SubmenuGoTo</include>
	<include condition="Window.IsVisible(Home)">SubMenuDefault</include>
	<control type="panel" id="9000">
	<include condition="Window.IsVisible(6000)">SubmenuVList</include>
	<include condition="Window.IsVisible(Home)">SubmenuHList</include>
	<content>
	<item>
	<label fallback="31014">$VAR[value_menu6601.label]</label>
	<property name="condition">$INFO[skin.string(menu6601.visible)]</property>
	<property name="name">menu6601</property>
	<property name="id">$INFO[skin.string(menu6601.master)]</property>
	<onclick condition="Window.IsVisible(6000)">SetFocus(5000)</onclick>
	<onclick condition="Window.IsVisible(Home)">Dialog.Close(6066)</onclick>
	<onclick condition="Window.IsVisible(Home)">Skin.SetString(submenu_action,$VAR[value_menu6601.action])</onclick>
	<visible>![IsEmpty(skin.string(menu6601.master)) | String.Contains(skin.string(menu6601.visible),off)] | Window.IsVisible(6000)</visible>
	</item>
	<item>
	<label fallback="31014">$VAR[value_menu6602.label]</label>
	<property name="condition">$INFO[skin.string(menu6602.visible)]</property>
	<property name="name">menu6602</property>
	<property name="id">$INFO[skin.string(menu6602.master)]</property>
	<onclick condition="Window.IsVisible(6000)">SetFocus(5000)</onclick>
	<onclick condition="Window.IsVisible(Home)">Dialog.Close(6066)</onclick>
	<onclick condition="Window.IsVisible(Home)">Skin.SetString(submenu_action,$VAR[value_menu6602.action])</onclick>
	<visible>![IsEmpty(skin.string(menu6602.master)) | String.Contains(skin.string(menu6602.visible),off)] | Window.IsVisible(6000)</visible>
	</item>
	<item>
	<label fallback="31014">$VAR[value_menu6603.label]</label>
	<property name="condition">$INFO[skin.string(menu6603.visible)]</property>
	<property name="name">menu6603</property>
	<property name="id">$INFO[skin.string(menu6603.master)]</property>
	<onclick condition="Window.IsVisible(6000)">SetFocus(5000)</onclick>
	<onclick condition="Window.IsVisible(Home)">Dialog.Close(6066)</onclick>
	<onclick condition="Window.IsVisible(Home)">Skin.SetString(submenu_action,$VAR[value_menu6603.action])</onclick>
	<visible>![IsEmpty(skin.string(menu6603.master)) | String.Contains(skin.string(menu6603.visible),off)] | Window.IsVisible(6000)</visible>
	</item>
	<item>
	<label fallback="31014">$VAR[value_menu6604.label]</label>
	<property name="condition">$INFO[skin.string(menu6604.visible)]</property>
	<property name="name">menu6604</property>
	<property name="id">$INFO[skin.string(menu6604.master)]</property>
	<onclick condition="Window.IsVisible(6000)">SetFocus(5000)</onclick>
	<onclick condition="Window.IsVisible(Home)">Dialog.Close(6066)</onclick>
	<onclick condition="Window.IsVisible(Home)">Skin.SetString(submenu_action,$VAR[value_menu6604.action])</onclick>
	<visible>![IsEmpty(skin.string(menu6604.master)) | String.Contains(skin.string(menu6604.visible),off)] | Window.IsVisible(6000)</visible>
	</item>
	<item>
	<label fallback="31014">$VAR[value_menu6605.label]</label>
	<property name="condition">$INFO[skin.string(menu6605.visible)]</property>
	<property name="name">menu6605</property>
	<property name="id">$INFO[skin.string(menu6605.master)]</property>
	<onclick condition="Window.IsVisible(6000)">SetFocus(5000)</onclick>
	<onclick condition="Window.IsVisible(Home)">Dialog.Close(6066)</onclick>
	<onclick condition="Window.IsVisible(Home)">Skin.SetString(submenu_action,$VAR[value_menu6605.action])</onclick>
	<visible>![IsEmpty(skin.string(menu6605.master)) | String.Contains(skin.string(menu6605.visible),off)] | Window.IsVisible(6000)</visible>
	</item>
	<item>
	<label fallback="31014">$VAR[value_menu6606.label]</label>
	<property name="condition">$INFO[skin.string(menu6606.visible)]</property>
	<property name="name">menu6606</property>
	<property name="id">$INFO[skin.string(menu6606.master)]</property>
	<onclick condition="Window.IsVisible(6000)">SetFocus(5000)</onclick>
	<onclick condition="Window.IsVisible(Home)">Dialog.Close(6066)</onclick>
	<onclick condition="Window.IsVisible(Home)">Skin.SetString(submenu_action,$VAR[value_menu6606.action])</onclick>
	<visible>![IsEmpty(skin.string(menu6606.master)) | String.Contains(skin.string(menu6606.visible),off)] | Window.IsVisible(6000)</visible>
	</item>
	<item>
	<label fallback="31014">$VAR[value_menu6607.label]</label>
	<property name="condition">$INFO[skin.string(menu6607.visible)]</property>
	<property name="name">menu6607</property>
	<property name="id">$INFO[skin.string(menu6607.master)]</property>
	<onclick condition="Window.IsVisible(6000)">SetFocus(5000)</onclick>
	<onclick condition="Window.IsVisible(Home)">Dialog.Close(6066)</onclick>
	<onclick condition="Window.IsVisible(Home)">Skin.SetString(submenu_action,$VAR[value_menu6607.action])</onclick>
	<visible>![IsEmpty(skin.string(menu6607.master)) | String.Contains(skin.string(menu6607.visible),off)] | Window.IsVisible(6000)</visible>
	</item>
	<item>
	<label fallback="31014">$VAR[value_menu6608.label]</label>
	<property name="condition">$INFO[skin.string(menu6608.visible)]</property>
	<property name="name">menu6608</property>
	<property name="id">$INFO[skin.string(menu6608.master)]</property>
	<onclick condition="Window.IsVisible(6000)">SetFocus(5000)</onclick>
	<onclick condition="Window.IsVisible(Home)">Dialog.Close(6066)</onclick>
	<onclick condition="Window.IsVisible(Home)">Skin.SetString(submenu_action,$VAR[value_menu6608.action])</onclick>
	<visible>![IsEmpty(skin.string(menu6608.master)) | String.Contains(skin.string(menu6608.visible),off)] | Window.IsVisible(6000)</visible>
	</item>
	<item>
	<label fallback="31014">$VAR[value_menu6609.label]</label>
	<property name="condition">$INFO[skin.string(menu6609.visible)]</property>
	<property name="name">menu6609</property>
	<property name="id">$INFO[skin.string(menu6609.master)]</property>
	<onclick condition="Window.IsVisible(6000)">SetFocus(5000)</onclick>
	<onclick condition="Window.IsVisible(Home)">Dialog.Close(6066)</onclick>
	<onclick condition="Window.IsVisible(Home)">Skin.SetString(submenu_action,$VAR[value_menu6609.action])</onclick>
	<visible>![IsEmpty(skin.string(menu6609.master)) | String.Contains(skin.string(menu6609.visible),off)] | Window.IsVisible(6000)</visible>
	</item>
	<item>
	<label fallback="31014">$VAR[value_menu6610.label]</label>
	<property name="condition">$INFO[skin.string(menu6610.visible)]</property>
	<property name="name">menu6610</property>
	<property name="id">$INFO[skin.string(menu6610.master)]</property>
	<onclick condition="Window.IsVisible(6000)">SetFocus(5000)</onclick>
	<onclick condition="Window.IsVisible(Home)">Dialog.Close(6066)</onclick>
	<onclick condition="Window.IsVisible(Home)">Skin.SetString(submenu_action,$VAR[value_menu6610.action])</onclick>
	<visible>![IsEmpty(skin.string(menu6610.master)) | String.Contains(skin.string(menu6610.visible),off)] | Window.IsVisible(6000)</visible>
	</item>
	</content>
	</control>
	<include condition="Window.IsVisible(6000)">Glass</include>
	</control>
	</control>
	</controls>
	</window>