<?xml version="1.0" encoding="UTF-8"?>
<!-- Aeon MQ 5 Helix 6.1.0  -->
<!-- Isengard 7.1.13 -->
<!-- Jarvis 8.1.13 -->
<!-- Krypton 9.1.16/9.1.18/9.1.19/9.2.1 window IDs 2003/9.2.2 -->

<window>
	<defaultcontrol always="true">149</defaultcontrol>
	<onload>ClearProperty(script.metadata.actors.isactive)</onload>
<!-- 	<onload condition="Skin.HasSetting(ontvtunes) + System.HasAddon(script.tvtunes)">RunScript(script.tvtunes,backend=True)</onload> -->
	<onload condition="System.HasAddon(script.videoextras)">RunScript(script.videoextras,check,"$INFO[ListItem.FilenameAndPath]")</onload>
	<controls>
		<control type="group"><!-- default group -->
			<include>Animation_Window</include>
			<animation effect="fade" start="100" end="0" time="300" condition="String.IsEqual(Window.Property(script.metadata.actors.isactive),1)">Conditional</animation>
			<control type="multiimage"><!-- Multi Fanart -->
				<include>WindowBG</include>
				<imagepath background="true">$VAR[value_videofanart]</imagepath>
				<visible>!Player.HasVideo | Player.HasVideo + [!Skin.HasSetting(livebg) + Window.IsVisible(videos) | Skin.HasSetting(noliveplaylistbg) + Window.IsVisible(videoplaylist)]</visible>
			</control>
			<control type="image"><!-- Single Fanart -->
				<include>WindowBG</include>
				<texture background="true">$VAR[value_defaultvideofanart]</texture>
				<visible>!Player.HasVideo | Player.HasVideo + [!Skin.HasSetting(livebg) + Window.IsVisible(videos) | Skin.HasSetting(noliveplaylistbg) + Window.IsVisible(videoplaylist)]</visible>
			</control>
			<control type="multiimage" id="5020"><!-- Extra Fanart Movies/TvShows/MusicVideos -->
				<include>InvisibleButton</include>
				<imagepath background="true">$INFO[ListItem.Path]extrafanart/</imagepath>
				<visible>[Container.Content(movies) + !Skin.HasSetting(trailers) + String.Contains(skin.string(moviesfanart),extra) | Container.Content(tvshows) + String.Contains(skin.string(tvshowsfanart),extra) | Container.Content(musicvideos) + String.Contains(skin.string(musicvideosfanart),extra)] + !ListItem.IsParentFolder</visible>
			</control>
			<control type="multiimage" id="5021"><!-- Extra Fanart Seasons -->
				<include>InvisibleButton</include>
				<imagepath background="true">$INFO[ListItem.Path,,extrafanart/]</imagepath>
				<visible>Container.Content(seasons) + String.Contains(skin.string(seasonsfanart),extra) + !ListItem.IsParentFolder</visible>
			</control>
			<control type="multiimage" id="5022"><!-- Extra Fanart Episodes -->
				<include>InvisibleButton</include>
				<imagepath background="true">$INFO[ListItem.Path,,../extrafanart/]</imagepath>
				<visible>Container.Content(episodes) + String.Contains(skin.string(episodesfanart),extra) + !ListItem.IsParentFolder</visible>
			</control>
			<control type="image" id="5023"><!-- Season Fanart -->
				<include>InvisibleButton</include>
				<texture background="true">$INFO[ListItem.Path]$INFO[ListItem.Label,,/fanart.jpg]</texture>
				<visible>Container.Content(seasons) + String.Contains(skin.string(seasonsfanart),seasons)</visible>
			</control>
			<control type="image" id="5024"><!-- Season Fanart/episodes -->
				<include>InvisibleButton</include>
				<texture background="true">$INFO[ListItem.Path,,fanart.jpg]</texture>
				<visible>Container.Content(episodes) + String.Contains(skin.string(episodesfanart),seasons)</visible>
			</control>
			<control type="image" id="9925"><!-- Studio icons -->
				<include>InvisibleButton</include>
				<texture>$VAR[value_studiosicon]</texture>
			</control>
			<!-- <include>LiveBG</include> -->
			<control type="image">
				<posx>0</posx>
				<posy>0</posy>
				<width>1280</width>
				<height>720</height>
				<texture>black.png</texture>
				<colordiffuse>A5FFFFFF</colordiffuse>
				<include>Animation_Fade</include>
			</control>
			<control type="image">
				<posx>0</posx>
				<posy>0</posy>
				<height>150</height>
				<width>1280</width>
				<texture flipy="true">shadow_mask.png</texture>
				<colordiffuse>75000000</colordiffuse>
			</control>
			<control type="label"><!-- Title -->
				<posx>30</posx>
				<posy>8</posy>
				<width>1100</width>
				<height>40</height>
				<font>Font_40</font>
				<label>$VAR[value_videotitle]</label>
				<textcolor>FFFFFAF0</textcolor>
				<scroll>true</scroll>
			</control>
			<!-- edited for MV -->
			<control type="label">
				<posx>30</posx>
				<posy>50</posy>
				<width>1100</width>
				<height>25</height>
				<font>Font_21</font>
				<label>$INFO[ListItem.Tagline]</label>
				<textcolor>FFFFFAF0</textcolor>
				<scroll>true</scroll>
				<visible>!Container.Content(musicvideos)</visible>
			</control>
			<!--  added for mv TOP LEFT display Title/artist -->
			<control type="label">
				<posx>30</posx>
				<posy>50</posy>
				<width>1100</width>
				<height>25</height>
				<font>Font_21</font>
				<label>$INFO[ListItem.Artist]</label>
				<textcolor>FFFFFAF0</textcolor>
				<scroll>true</scroll>
				<visible>Container.Content(musicvideos)</visible>
			</control>
			<control type="image"><!-- Star -->
				<posx>1100</posx>
				<posy>5</posy>
				<width>73</width>
				<height>73</height>
				<align>center</align>
				<aligny>center</aligny>
				<texture>star.png</texture>
				<colordiffuse>FFFFFF40</colordiffuse>
				<visible>!IsEmpty(ListItem.UserRating)</visible>
			</control>
			<control type="label">
				<posx>1106</posx>
				<posy>15</posy>
				<width>60</width>
				<height>60</height>
				<align>center</align>
				<aligny>center</aligny>
				<font>Font_18A</font>
				<label>[B]$INFO[ListItem.UserRating][/B]</label>
				<textcolor>FF101010</textcolor>
				<visible>!IsEmpty(ListItem.UserRating)</visible>
			</control>
			<control type="image"><!-- Star -->
				<posx>1179</posx>
				<posy>5</posy>
				<width>73</width>
				<height>73</height>
				<align>center</align>
				<aligny>center</aligny>
				<texture>star.png</texture>
				<colordiffuse>FFFFFAF0</colordiffuse>
			</control>
			<control type="label">
				<posx>1185</posx>
				<posy>15</posy>
				<width>60</width>
				<height>60</height>
				<align>center</align>
				<aligny>center</aligny>
				<font>Font_18A</font>
				<label>[B]$INFO[ListItem.Rating][/B]</label>
				<textcolor>FF101010</textcolor>
			</control>
			<control type="image">
				<posx>0</posx>
				<posy>80</posy>
				<width>1280</width>
				<height>386</height>
				<texture>darkgrey.png</texture>
				<colordiffuse>$VAR[value_texturecolor]</colordiffuse>
				<include>Animation_DefaultGlass</include>
			</control>
			<control type="image">
				<posx>0</posx>
				<posy>0</posy>
				<width>1280</width>
				<height>80</height>
				<texture>gradient_small.png</texture>
				<colordiffuse>80FFFAF0</colordiffuse>
			</control>
			<control type="image"><!-- Certification -->
				<posx>30</posx>
				<posy>69</posy>
				<height>80</height>
				<width>158</width>
				<align>center</align>
				<aligny>center</aligny>
				<aspectratio>keep</aspectratio>
				<texture>$VAR[value_mpaa]</texture>
			</control>
			<control type="label"><!-- Year -->
				<posx>220</posx>
				<posy>80</posy>
				<height>40</height>
				<width>110</width>
				<align>left</align>
				<aligny>center</aligny>
				<font>Font_24A</font>
				<label>$INFO[ListItem.Year]</label>
				<textcolor>FFFFFAF0</textcolor>
			</control>
			<control type="label"><!-- Genre -->
				<posx>220</posx>
				<posy>103</posy>
				<height>40</height>
				<width>490</width>
				<align>left</align>
				<aligny>center</aligny>
				<font>Font_18A</font>
				<label>$INFO[ListItem.Genre]</label>
				<textcolor>FFFFFAF0</textcolor>
				<scroll>true</scroll>
				<scrollout>false</scrollout>
			</control>
			<!--  edit for MV  -->
			<control type="list" id="49"><!-- Lista de botoes/info -->
				<posx>20</posx>
				<posy>145</posy>
				<width>740</width>
				<height>330</height>
				<onleft>149</onleft>
				<onright>149</onright>
				<onup>149</onup>
				<ondown>149</ondown>
				<itemgap>0</itemgap>
				<pagecontrol>-</pagecontrol>
				<scrolltime>200</scrolltime>
				<itemlayout height="20">
					<control type="label">
						<left>0</left>
						<posx>170</posx>
						<posy>0</posy>
						<width>200</width>
						<height>20</height>
						<align>center</align>
						<aligny>center</aligny>
						<font>Font_18A</font>
						<textcolor>$VAR[value_headercolor]</textcolor>
						<selectedcolor>$VAR[value_headercolor]</selectedcolor>
						<label>$INFO[ListItem.Label]</label>
						<scroll>true</scroll>
					</control>
					<control type="label">
						<posx>200</posx>
						<posy>0</posy>
						<width>490</width>
						<height>20</height>
						<align>left</align>
						<aligny>center</aligny>
						<font>Font_18A</font>
						<textcolor>FFFFFAF0</textcolor>
						<selectedcolor>E4101010</selectedcolor>
						<label>$INFO[ListItem.Label2]</label>
						<scroll>true</scroll>
					</control>
				</itemlayout>
				<focusedlayout height="20">
					<control type="image">
						<left>0</left>
						<posx>190</posx>
						<posy>0</posy>
						<width>510</width>
						<height>20</height>
						<texture>settings_button_focus.png</texture>
						<visible>Control.HasFocus(49)</visible>
					</control>
					<control type="label">
						<left>0</left>
						<posx>170</posx>
						<posy>0</posy>
						<width>200</width>
						<height>20</height>
						<align>center</align>
						<aligny>center</aligny>
						<font>Font_18A</font>
						<textcolor>$VAR[value_headercolor]</textcolor>
						<selectedcolor>$VAR[value_headercolor]</selectedcolor>
						<label>$INFO[ListItem.Label]</label>
					</control>
					<control type="label">
						<posx>200</posx>
						<posy>0</posy>
						<width>490</width>
						<height>20</height>
						<align>left</align>
						<aligny>center</aligny>
						<font>Font_18A</font>
						<textcolor>FFFFFAF0</textcolor>
						<selectedcolor>$VAR[value_headercolorfocus]</selectedcolor>
						<label>$INFO[ListItem.Label2]</label>
						<visible>!Control.HasFocus(49)</visible>
					</control>
					<control type="label">
						<posx>200</posx>
						<posy>0</posy>
						<width>490</width>
						<height>20</height>
						<align>left</align>
						<aligny>center</aligny>
						<font>Font_18A</font>
						<textcolor>E4101010</textcolor>
						<selectedcolor>$VAR[value_headercolorfocus]</selectedcolor>
						<label>$INFO[ListItem.Label2]</label>
						<visible>Control.HasFocus(49)</visible>
					</control>
				</focusedlayout>
				<content>
					<!--  edited in IncludeVariables for MV -->
					<item>
						<label>$VAR[value_videoinfo_label1]</label><!-- Original Title/Movies - Premiered/TvShows -->
						<label2>$VAR[value_videoinfo_value1]</label2>
						<onclick>noop</onclick>
					</item>
					<item>
						<label>$LOCALIZE[574]</label><!-- Country -->
						<label2>$INFO[ListItem.Country]</label2>
						<onclick>noop</onclick>
					</item>
					<item>
						<label>$LOCALIZE[20339]/$LOCALIZE[20417]</label><!-- Director/Written -->
						<label2>$INFO[ListItem.Director]/$INFO[ListItem.Writer]</label2>
						<onclick>SendClick(movieinformation,13)</onclick>
						<visible>!Container.Content(musicvideos)</visible>
					</item>
					<item>
						<label>$LOCALIZE[20339]</label><!-- Director for MV -->
						<label2>$INFO[ListItem.Director]</label2>
						<onclick>SendClick(movieinformation,13)</onclick>
						<visible>Container.Content(musicvideos)</visible>
					</item>
					<item>
						<label>$LOCALIZE[572]</label><!-- Studios -->
						<label2>$INFO[ListItem.Studio]</label2>
						<onclick>noop</onclick>
					</item>
					<item>
						<label>$LOCALIZE[180]</label><!-- Duration -->
						<label2>$VAR[value_videoinfo_value5]</label2>
						<onclick>noop</onclick>
					</item>
					<item>
						<label>31179</label><!-- Audio Language -->
						<label2>$INFO[ListItem.Property(AudioLanguage.1)]$INFO[ListItem.Property(AudioLanguage.2), / ]$INFO[ListItem.Property(AudioLanguage.3), / ]$INFO[ListItem.Property(AudioLanguage.4), / ]$INFO[ListItem.Property(AudioLanguage.5), / ]$INFO[ListItem.Property(AudioLanguage.6), / ]$INFO[ListItem.Property(AudioLanguage.7), / ]$INFO[ListItem.Property(AudioLanguage.8), / ]$INFO[ListItem.Property(AudioLanguage.9), / ]$INFO[ListItem.Property(AudioLanguage.10), / ]</label2>
						<onclick>noop</onclick>
					</item>
					<item>
						<label>$LOCALIZE[287]</label><!-- Subtitile Language -->
						<label2>$INFO[ListItem.Property(SubtitleLanguage.1)]$INFO[ListItem.Property(SubtitleLanguage.2), / ]$INFO[ListItem.Property(SubtitleLanguage.3), / ]$INFO[ListItem.Property(SubtitleLanguage.4), / ]$INFO[ListItem.Property(SubtitleLanguage.5), / ]$INFO[ListItem.Property(SubtitleLanguage.6), / ]$INFO[ListItem.Property(SubtitleLanguage.7), / ]$INFO[ListItem.Property(SubtitleLanguage.8), / ]$INFO[ListItem.Property(SubtitleLanguage.9), / ]$INFO[ListItem.Property(SubtitleLanguage.10), / ]</label2>
						<onclick>noop</onclick>
						<visible>!IsEmpty(ListItem.Duration)</visible>
					</item>
					<item>
						<label>$LOCALIZE[573]</label><!-- Path -->
						<label2>$INFO[ListItem.FilenameAndPath]</label2>
						<onclick>noop</onclick>
						<visible>!IsEmpty(ListItem.FilenameAndPath)</visible>
					</item>
				</content>
			</control>
			<control type="image">
				<posx>205</posx>
				<posy>80</posy>
				<height>230</height>
				<width>2</width>
				<texture>separator_v.png</texture>
			</control>
			<control type="image">
				<posx>0</posx>
				<posy>136</posy>
				<height>2</height>
				<width>720</width>
				<texture>separator.png</texture>
			</control>
			<control type="image">
				<posx>0</posx>
				<posy>310</posy>
				<height>2</height>
				<width>987</width>
				<texture>separator.png</texture>
				<visible>![Container.Content(episodes) | Container.Content(musicvideos) + !IsEmpty(ListItem.Art(poster))]</visible>
			</control>
			<control type="image">
				<posx>0</posx>
				<posy>310</posy>
				<height>2</height>
				<width>719</width>
				<texture>separator.png</texture>
				<visible>Container.Content(episodes) | Container.Content(musicvideos) + IsEmpty(ListItem.Art(poster))</visible>
			</control>
			<control type="textbox"><!-- Plot -->
				<posx>30</posx>
				<posy>320</posy>
				<width>935</width>
				<height>133</height>
				<align>justify</align>
				<font>Font_18A</font>
				<label>$INFO[ListItem.Plot]</label>
				<textcolor>FFFFFAF0</textcolor>
				<autoscroll delay="15000" time="5000" repeat="15000">!Skin.HasSetting(noinfoplotscroll)</autoscroll>
				<visible>![Container.Content(episodes) | Container.Content(musicvideos) + IsEmpty(ListItem.Art(poster))]</visible>
			</control>
			<control type="textbox"><!-- Plot -->
				<posx>30</posx>
				<posy>320</posy>
				<width>660</width>
				<height>133</height>
				<align>justify</align>
				<font>Font_18A</font>
				<label>$INFO[ListItem.Plot]</label>
				<textcolor>FFFFFAF0</textcolor>
				<autoscroll delay="15000" time="5000" repeat="15000">!Skin.HasSetting(noinfoplotscroll)</autoscroll>
				<visible>Container.Content(episodes) | Container.Content(musicvideos) + IsEmpty(ListItem.Art(poster))</visible>
			</control>
			<control type="image">
				<posx>720</posx>
				<posy>80</posy>
				<width>2</width>
				<height>230</height>
				<texture>separator_v.png</texture>
				<visible>![Container.Content(episodes) | Container.Content(musicvideos) + !IsEmpty(ListItem.Art(poster))]</visible>
			</control>
			<control type="image"><!-- Logo -->
				<posx>755</posx>
				<posy>70</posy>
				<height>145</height>
				<width>190</width>
				<aspectratio>keep</aspectratio>
				<texture background="true">$INFO[ListItem.Art(clearlogo)]</texture>
				<visible>!Container.Content(episodes) + !String.IsEmpty(ListItem.Art(clearlogo))</visible>
			</control>
			<control type="image"><!-- ClearArt -->
				<posx>755</posx>
				<posy>174</posy>
				<height>136</height>
				<width>190</width>
				<aspectratio aligny="bottom">keep</aspectratio>
				<texture background="true">$INFO[ListItem.Art(clearart)]</texture>
				<visible>!Container.Content(episodes) + !String.IsEmpty(ListItem.Art(clearart))</visible>
			</control>
			<control type="image"><!-- Thumb -->
				<posx>987</posx>
				<posy>82</posy>
				<width>523</width>
				<height>382</height>
				<aspectratio align="left">keep</aspectratio>
				<texture background="true">$VAR[value_poster]</texture>
				<bordertexture border="-2">black.png</bordertexture>
				<animation effect="slide" end="-266,0" time="0" condition="Container.Content(episodes) | Container.Content(musicvideos) + IsEmpty(ListItem.Art(poster))">Conditional</animation>
			</control>
			<control type="image">
				<posx>986</posx>
				<posy>80</posy>
				<width>2</width>
				<height>384</height>
				<texture>separator_v.png</texture>
				<animation effect="slide" end="-266,0" time="0" condition="Container.Content(episodes) | Container.Content(musicvideos) + IsEmpty(ListItem.Art(poster))">Conditional</animation>
			</control>
			<control type="image">
				<posx>0</posx>
				<posy>80</posy>
				<height>2</height>
				<width>1280</width>
				<texture>separator.png</texture>
			</control>
			<control type="image"><!-- Fundo do rodape -->
				<posx>0</posx>
				<posy>650</posy>
				<width>1280</width>
				<height>70</height>
				<colordiffuse>$VAR[value_flagsbar]</colordiffuse>
				<texture>shadow_mask.png</texture>
			</control>
			<control type="image">
				<posx>0</posx>
				<posy>494</posy>
				<height>186</height>
				<width>1280</width>
				<texture>darkgrey.png</texture>
				<colordiffuse>$VAR[value_texturecolor]</colordiffuse>
				<include>Animation_DefaultGlass</include>
			</control>
			<control type="grouplist"><!-- Etiquetas -->
				<posx>110</posx>
				<posy>677</posy>
				<orientation>horizontal</orientation>
				<itemgap>35</itemgap>
				<animation effect="slide" start="0,300" end="0,0" time="500" tween="sine" easing="out">WindowOpen</animation>
				<animation effect="slide" start="0,300" end="0,0" time="500" tween="sine" easing="out">Visible</animation>
				<animation effect="slide" start="0,0" end="0,300" time="500" tween="sine" easing="in">Hidden</animation>
				<visible>Control.HasFocus(149)</visible>
				<control type="image"><!-- Codec -->
					<include>FlagImage</include>
							<texture>$VAR[value_studiosicon]</texture>
							<visible>!IsEmpty(Control.GetLabel(9925))</visible>
						</control>
						<control type="image">
							<include>FlagSeparator</include>
							<visible>!IsEmpty(Control.GetLabel(9925))</visible>
						</control>
				<control type="image"><!-- Codec -->
					<include>FlagImage</include>
					<texture>$VAR[value_videocodec]</texture>
					<visible>!IsEmpty(ListItem.VideoCodec)</visible>
				</control>
				<control type="image">
					<include>FlagSeparator</include>
					<visible>!IsEmpty(ListItem.VideoCodec)</visible>
				</control>
				<control type="image"><!-- Resolution -->
					<include>FlagImage</include>
					<texture>$INFO[ListItem.VideoResolution,flags/resolution/,.png]</texture>
					<visible>!IsEmpty(ListItem.VideoResolution)</visible>
				</control>
				<control type="image">
					<include>FlagSeparator</include>
					<visible>!IsEmpty(ListItem.VideoResolution)</visible>
				</control>
				<control type="image"><!-- Aspect -->
					<include>FlagImage</include>
					<texture>$INFO[ListItem.VideoAspect,flags/aspectratio/,.png]</texture>
					<visible>!IsEmpty(ListItem.VideoAspect)</visible>
				</control>
				<control type="image">
					<include>FlagSeparator</include>
					<visible>!IsEmpty(ListItem.VideoAspect)</visible>
				</control>
				<control type="image"><!-- Audio Codec -->
					<include>FlagImage</include>
					<texture>$INFO[ListItem.AudioCodec,flags/audiocodec/,.png]</texture>
					<visible>!IsEmpty(ListItem.AudioCodec)</visible>
				</control>
				<control type="image">
					<include>FlagSeparator</include>
					<visible>!IsEmpty(ListItem.AudioCodec)</visible>
				</control>
				<control type="image"><!-- Channels -->
					<include>FlagImage</include>
					<texture>$INFO[ListItem.AudioChannels,flags/audiochannels/,ch.png]</texture>
					<visible>!IsEmpty(ListItem.AudioChannels)</visible>
				</control>
				<control type="image">
					<include>FlagSeparator</include>
					<visible>!IsEmpty(ListItem.AudioChannels)</visible>
				</control>
				<control type="image"><!-- Trailer -->
					<include>FlagImage</include>
					<texture>flags/trailer.png</texture>
					<visible>!IsEmpty(ListItem.Trailer)</visible>
				</control>
				<control type="image">
					<include>FlagSeparator</include>
					<visible>!IsEmpty(ListItem.Trailer) + !String.IsEqual(ListItem.PercentPlayed,0)</visible>
				</control>
				<control type="group"><!-- % Played -->
					<visible>!String.IsEqual(ListItem.PercentPlayed,0)</visible>
					<control type="image">
						<include>FlagImage</include>
						<texture>flags/percentplayed.png</texture>
					</control>
					<control type="label">
						<posx>12</posx>
						<posy>1.5</posy>
						<width>89</width>
						<height>50</height>
						<align>center</align>
						<aligny>center</aligny>
						<font>Font_20B</font>
						<textcolor>$VAR[value_flagscolor]</textcolor>
						<label>$INFO[ListItem.PercentPlayed]%</label>
					</control>
				</control>
			</control>
			<control type="group"><!-- Nome do Elenco -->
				<posx>0</posx>
				<posy>685</posy>
				<animation effect="slide" start="0,300" end="0,0" time="500" tween="sine" easing="out">WindowOpen</animation>
				<animation effect="slide" start="0,300" end="0,0" time="500" tween="sine" easing="out">Visible</animation>
				<animation effect="slide" start="0,0" end="0,300" time="500" tween="sine" easing="in">Hidden</animation>
				<visible>Control.HasFocus(50)</visible>
				<!--  edit for MV -->
				<control type="label">
					<posx>30</posx>
					<posy>0</posy>
					<width>400</width>
					<height>27</height>
					<align>left</align>
					<aligny>center</aligny>
					<font>Font_15</font>
					<label>31703</label>
					<textcolor>$VAR[value_flagscolor]</textcolor>
					<visible>!Container.Content(musicvideos)</visible>
				</control>
				<control type="label">
					<posx>30</posx>
					<posy>0</posy>
					<width>400</width>
					<height>27</height>
					<align>left</align>
					<aligny>center</aligny>
					<font>Font_15</font>
					<label>557</label>
					<textcolor>$VAR[value_flagscolor]</textcolor>
					<visible>Container.Content(musicvideos)</visible>
				</control>
				<control type="label">
					<posx>315</posx>
					<posy>0</posy>
					<width>650</width>
					<align>center</align>
					<aligny>center</aligny>
					<font>Font_24</font>
					<label>$INFO[Container(50).ListItem.Label]</label>	
					<textcolor>$VAR[value_flagscolor]</textcolor>
					<scroll>true</scroll>
				</control>
			</control>
			<control type="image">
				<posx>0</posx>
				<posy>680</posy>
				<height>43</height>
				<width>1280</width>
				<texture>gradient_small.png</texture>
			</control>
			<control type="image"><!-- Cast -->
				<posx>0</posx>
				<posy>679</posy>
				<width>1280</width>
				<height>30</height>
				<texture flipy="true">shadow_h.png</texture>
				<colordiffuse>C3FFFFFF</colordiffuse>
			</control>
			<control type="image">
				<posx>0</posx>
				<posy>494</posy>
				<height>186</height>
				<width>1280</width>
				<texture>darkgrey.png</texture>
				<colordiffuse>$VAR[value_texturecolor]</colordiffuse>
				<include>Animation_DefaultGlass</include>
			</control>
			<control type="list" id="50">
				<viewtype label="List">List Info</viewtype>
				<posx>30</posx>
				<posy>492</posy>
				<width>1220</width>
				<height>220</height>
				<onup>149</onup>
				<ondown>Skin.Reset(coverzoom)</ondown>
				<ondown>SetFocus(160)</ondown>
				<ondown>Skin.SetBool(artistzoom)</ondown>
				<orientation>horizontal</orientation>
				<scrolltime>400</scrolltime>
				<focusposition>3</focusposition>
				<itemlayout height="170" width="181">
					<control type="image">
						<posx>0</posx>
						<posy>5</posy>
						<width>130</width>
						<height>180</height>
						<aligny>center</aligny>
						<align>center</align>
						<aspectratio>keep</aspectratio>
						<texture fallback="DefaultVideoPoster.png" background="true">$INFO[ListItem.Icon]</texture>
						<bordertexture border="-2">black.png</bordertexture>
						<colordiffuse>FF909090</colordiffuse>
					</control>
				</itemlayout>
				<focusedlayout height="170" width="181">
					<control type="image">
						<posx>0</posx>
						<posy>5</posy>
						<width>130</width>
						<height>180</height>
						<aligny>center</aligny>
						<align>center</align>
						<aspectratio>keep</aspectratio>
						<texture fallback="DefaultVideoPoster.png" background="true">$INFO[ListItem.Icon]</texture>
						<bordertexture border="-2">black.png</bordertexture>
						<colordiffuse>FF909090</colordiffuse>
						<include>Animation_Fade</include>
						<visible>!Control.HasFocus(50)</visible>
					</control>
					<control type="image">
						<posx>0</posx>
						<posy>5</posy>
						<width>130</width>
						<height>180</height>
						<aligny>center</aligny>
						<align>center</align>
						<aspectratio>keep</aspectratio>
						<texture fallback="DefaultVideoPoster.png" background="true">$INFO[ListItem.Icon]</texture>
						<bordertexture border="-2">grey.png</bordertexture>
						<include>Animation_Fade</include>
						<visible>Control.HasFocus(50)</visible>
					</control>
				</focusedlayout>
			</control>
			<control type="group"><!-- Menu bar -->
				<posx>0</posx>
				<posy>465</posy>
				<control type="image">
					<posx>0</posx>
					<posy>-30</posy>
					<width>1280</width>
					<height>30</height>
					<texture>shadow_h.png</texture>
					<colordiffuse>C3FFFFFF</colordiffuse>
				</control>
				<control type="image">
					<posx>0</posx>
					<posy>29</posy>
					<width>1280</width>
					<height>30</height>
					<texture flipy="true">shadow_h.png</texture>
					<colordiffuse>C3FFFFFF</colordiffuse>
				</control>
				<control type="image">
					<posx>0</posx>
					<posy>0</posy>
					<width>1280</width>
					<height>30</height>
					<texture>darkgrey.png</texture>
					<colordiffuse>$VAR[value_texturecolor]</colordiffuse>
					<include>Animation_DefaultGlass2</include>
				</control>
				<control type="list" id="149">
					<posx>0</posx>
					<posy>3</posy>
					<width>1280</width>
					<height>25</height>
					<onup>Skin.Reset(artistzoom)</onup>
					<onup>Skin.SetBool(coverzoom)</onup>
					<onup>SetFocus(160)</onup>
					<ondown>50</ondown>
					<orientation>horizontal</orientation>
					<pagecontrol>-</pagecontrol>
					<scrolltime>300</scrolltime>
					<focusposition>3</focusposition>
					<itemlayout height="25" width="182.5">
						<control type="image">
							<posx>0</posx>
							<posy>0</posy>
							<width>1</width>
							<height>25</height>
							<texture>separator_v.png</texture>
						</control>
						<control type="label">
							<left>0</left>
							<posx>91</posx>
							<posy>1</posy>
							<height>25</height>
							<width>162</width>
							<align>center</align>
							<aligny>center</aligny>
							<font>Font_18</font>
							<label>[UPPERCASE]$INFO[ListItem.Label][/UPPERCASE]</label>
							<textcolor>80FFFAF0</textcolor>
						</control>
					</itemlayout>
					<focusedlayout height="25" width="182.5">
						<control type="image">
							<posx>0</posx>
							<posy>-1</posy>
							<width>182</width>
							<height>27</height>
							<texture>settings_button_focus.png</texture>
							<visible>Control.Hasfocus(149)</visible>
						</control>
						<control type="image">
							<posx>0</posx>
							<posy>0</posy>
							<width>1</width>
							<height>25</height>
							<texture>separator_v.png</texture>
						</control>
						<control type="label">
							<left>0</left>
							<posx>91</posx>
							<posy>1</posy>
							<height>25</height>
							<width>162</width>
							<align>center</align>
							<aligny>center</aligny>
							<font>Font_18</font>
							<label>[UPPERCASE]$INFO[ListItem.Label][/UPPERCASE]</label>
							<textcolor>FF101010</textcolor>
							<visible>Control.Hasfocus(149)</visible>
						</control>
						<control type="label">
							<posx>91</posx>
							<posy>1</posy>
							<height>25</height>
							<width>162</width>
							<align>left</align>
							<aligny>center</aligny>
							<font>Font_18</font>
							<label>[UPPERCASE]$INFO[ListItem.Label][/UPPERCASE]</label>
							<textcolor>80FFFAF0</textcolor>
							<visible>!Control.Hasfocus(149)</visible>
						</control>
					</focusedlayout>
					<content>
						<item id="2"><!-- Resume -->
							<label>13404</label>
							<onclick>SendClick(movieinformation,9)</onclick>
						</item>
						<item id="1"><!-- Refresh -->
							<label>31695</label>
							<onclick>SendClick(movieinformation,6)</onclick>
							<visible>!Skin.HasSetting(kioskininfo)</visible>
						</item>
						<item id="3"><!-- Start -->
							<label>31700</label>
							<onclick>SendClick(movieinformation,8)</onclick>
						</item>
						<item id="4"><!-- Cinema Ex -->
							<label>31066</label>
							<onclick>Dialog.Close(MovieInformation)</onclick>
							<onclick>RunScript(script.cinema.experience,movieid=$INFO[ListItem.DBID])</onclick>
							<visible>Container.Content(Movies) + !Skin.HasSetting(trailers) + System.HasAddon(script.cinema.experience) + !System.HasAddon(script.cinemavision)</visible>
						</item>
						<item id="24"> <!-- CinemaVision -->
							<label>CinemaVision</label>
							<onclick>Dialog.Close(MovieInformation)</onclick>
							<onclick>RunScript(script.cinemavision,experience)</onclick>
							<visible>System.HasAddon(script.cinemavision) + [Container.Content(movies) | Container.Content(tvshows) | Container.Content(seasons) | Container.Content(episodes)]</visible>
						</item>
						<item id="23"><!-- Extras -->
							<label>31416</label>
							<onclick>RunScript(script.videoextras,display,"$INFO[ListItem.FilenameAndPath]")</onclick>
							<visible>System.HasAddon(script.videoextras) + [Container.Content(movies) | Container.Content(episodes) | Container.Content(TVShows)] + IsEmpty(Window(movieinformation).Property("HideVideoExtrasButton"))</visible>	
						</item>
						<item id="5"><!-- Trailer Window -->
							<label>31701</label>
							<onclick>SendClick(movieinformation,11)</onclick>
							<visible>!IsEmpty(ListItem.Trailer)</visible>
						</item>
						<item id="7"><!-- Get Art -->
							<label>31702</label>
							<onclick>SendClick(movieinformation,10)</onclick>
							<visible>!Skin.HasSetting(kioskininfo)</visible>
						</item>
						<item id="8"><!-- Set user rating -->
							<label>38023</label>
							<onclick>SendClick(movieinformation,7)</onclick>
							<!-- <visible>![Container.Content(episodes) | Container.Content(seasons) | Skin.HasSetting(kioskininfo)]</visible> -->
						</item>
						<!-- <item id="21"></item>
							<label>TVTUNES $LOCALIZE[31893] </label>
							<onclick>RunScript(script.tvtunes,mode=solo)</onclick>
							<visible>Skin.HasSetting(ontvtunes) + System.HasAddon(script.tvtunes) + [Container.Content(movies) | Container.Content(tvshows) | Container.Content(musicvideos)] + IsEmpty(Window(movieinformation).Property("TvTunes_HideVideoInfoButton"))</visible>
						</item> -->
						<item id="20"><!-- Editor de info -->
							<label>31671</label>
							<onclick>RunScript(script.libraryeditor,DBID=$INFO[ListItem.DBID])</onclick>
							<visible>System.HasAddon(script.libraryeditor)</visible>
							<!--<visible>System.HasAddon(script.libraryeditor) + [Container.Content(Movies) | Container.Content(episodes)]</visible>-->
						</item>
						<item id="9"><!-- Actor Info -->
							<label>31798</label>
							<onclick>RunScript(script.metadata.actors,$INFO[Container(50).Listitem.Label])</onclick>
							<visible>System.HasAddon(script.metadata.actors)</visible>
						</item>
						<item id="13"><!-- Director Movies -->
							<label>31906</label>
							<onclick>SendClick(movieinformation,13)</onclick>
							<visible>!IsEmpty(ListItem.Director)</visible>
						</item>
						<item id="10"><!-- Director Info -->
							<label>31883</label>
							<onclick>RunScript(script.metadata.actors,$INFO[ListItem.Director])</onclick>
							<visible>System.HasAddon(script.metadata.actors)</visible>
						</item>
						<item id="11"><!-- Writer Info -->
							<label>31884</label>
							<onclick>RunScript(script.metadata.actors,$INFO[ListItem.Writer])</onclick>
							<visible>System.HasAddon(script.metadata.actors)</visible>
						</item>
					</content>
				</control>
				<control type="image">
					<posx>0</posx>
					<posy>0</posy>
					<width>1280</width>
					<height>30</height>
					<texture>gradient_small.png</texture>
				</control>
			</control>
			<control type="button" id="160">
				<include>InvisibleButton</include>
				<onup condition="Skin.HasSetting(artistzoom)">SetFocus(50)</onup>
				<onup condition="Skin.HasSetting(coverzoom)">SetFocus(149)</onup>
				<ondown condition="Skin.HasSetting(artistzoom)">SetFocus(50)</ondown>
				<ondown condition="Skin.HasSetting(coverzoom)">SetFocus(149)</ondown>
				<onleft condition="Skin.HasSetting(artistzoom)">SetFocus(50)</onleft>
				<onleft condition="Skin.HasSetting(coverzoom)">SetFocus(149)</onleft>
				<onright condition="Skin.HasSetting(artistzoom)">SetFocus(50)</onright>
				<onright condition="Skin.HasSetting(coverzoom)">SetFocus(149)</onright>
			</control>
			<control type="image">
				<posx>0</posx>
				<posy>0</posy>
				<width>1280</width>
				<height>720</height>
				<texture>darkgrey.png</texture>
				<animation effect="fade" start="0" end="100" time="200">Visible</animation>
				<animation effect="fade" start="100" end="0" time="400">Hidden</animation>
				<visible>Control.HasFocus(160)</visible>
			</control>
			<control type="image">
				<posx>0</posx>
				<posy>0</posy>
				<width>1280</width>
				<height>720</height>
				<texture>hive_back.png</texture>
				<animation effect="fade" start="0" end="100" time="200">Visible</animation>
				<animation effect="fade" start="100" end="0" time="400">Hidden</animation>
				<visible>Control.HasFocus(160)</visible>
			</control>
			<control type="group">
				<posx>-1280</posx>
				<posy>15</posy>
				<animation effect="slide" start="0,0" end="1280,0" time="400" tween="cubic" easing="inout" condition="Control.HasFocus(160)">Conditional</animation>
				<animation effect="slide" start="0,0" end="0,-25" time="600" delay="1000" tween="cubic" easing="inout" condition="Control.HasFocus(160)">Conditional</animation>
				<control type="image">
					<posx>400</posx>
					<posy>0</posy>
					<width>480</width>
					<height>700</height>
					<align>center</align>
					<texture>actor_border.png</texture>
					<animation effect="rotate" start="0,0" end="-2.0.0" center="auto" delay="1000" easing="out" tween="back" time="600" condition="Control.HasFocus(160)">Conditional</animation>
					<visible>Control.HasFocus(160) + [Skin.HasSetting(artistzoom) | Skin.HasSetting(actorzoom)]</visible>
				</control>
				<control type="image">
					<posx>430</posx>
					<posy>32</posy>
					<width>425</width>
					<height>640</height>
					<aspectratio>scale</aspectratio>
					<texture background="true">$INFO[Container(50).ListItem.Icon]</texture>
					<visible>Skin.HasSetting(artistzoom)</visible>
				</control>
				<control type="image">
					<posx>-1240</posx>
					<posy>47</posy>
					<width>1200</width>
					<height>640</height>
					<texture background="true">$VAR[value_poster]</texture>
					<aspectratio>keep</aspectratio>
					<fadetime>FanartCrossFadeTime</fadetime>
					<animation effect="slide" start="0,0" end="1280,0" time="400" tween="cubic" easing="inout" condition="Control.HasFocus(160)">Conditional</animation>
					<animation effect="slide" start="0,0" end="0,-25" time="600" delay="1000" tween="cubic" easing="inout" condition="Control.HasFocus(160)">Conditional</animation>
					<visible>Skin.HasSetting(coverzoom)</visible>
				</control>
				<control type="image">
					<posx>400</posx>
					<posy>0</posy>
					<width>480</width>
					<height>700</height>
					<align>center</align>
					<texture>actor_border.png</texture>
					<visible>Skin.HasSetting(artistzoom)</visible>
				</control>
			</control>
			<control type="group">
				<visible>Control.HasFocus(160)</visible>
				<animation effect="slide" start="0,0" end="0,-80" time="600" delay="1000" tween="cubic" easing="inout" condition="Control.HasFocus(160)">Conditional</animation>
				<control type="image">
					<posx>0</posx>
					<posy>760</posy>
					<height>40</height>
					<width>1280</width>
					<texture>darkgrey.png</texture>
					<colordiffuse>$VAR[value_texturecolor]</colordiffuse>
					<include>Animation_DefaultGlass2</include>
				</control>
				<control type="label">
					<posx>0</posx>
					<posy>760</posy>
					<height>40</height>
					<width>1280</width>
					<align>center</align>
					<aligny>center</aligny>
					<label>$VAR[value_videoinfo_zoomlabel]</label>
					<font>Font_24</font>
					<textcolor>FFFFFAF0</textcolor>
					<scroll>true</scroll>
				</control>
				<control type="image">
					<posx>0</posx>
					<posy>760</posy>
					<height>40</height>
					<width>1280</width>
					<texture>gradient_small.png</texture>
				</control>
			</control>
			<include>BGBlack</include>
		</control>
	</controls>
</window>