<?xml version="1.0" encoding="UTF-8"?>
<!-- Aeon MQ 5 Helix 6.1.0 massive fonts-->
<!-- Krypton 9.2.3 -->

<fonts>
	<fontset id="Default">
		<font>
			<name>Font_14</name><!-- nao usar uppercase -->
			<filename>aeon_common.ttf</filename>
			<size>14</size>
		</font>
		<font>
			<name>Font_15</name>
			<filename>aeon_mainmenu.ttf</filename>
			<size>15</size>
		</font>
		<font>
			<name>Font_17</name><!-- nao usar uppercase -->
			<filename>aeon_common.ttf</filename>
			<size>17</size>
		</font>
		<font>
			<name>Font_17A</name><!-- nao usar uppercase -->
			<filename>aeon_common.ttf</filename>
			<size>17</size>
			<linespacing>0.89</linespacing>
		</font>
		<font>
			<name>Font_18</name>
			<filename>aeon_mainmenu.ttf</filename>
			<size>18</size>
		</font>
		<font>
			<name>Font13</name><!-- para addons -->
			<filename>aeon_mainmenu.ttf</filename>
			<size>18</size>
		</font>
		<font>
			<name>Font_18A</name><!-- nao usar uppercase -->
			<filename>aeon_common.ttf</filename>
			<size>18</size>
			<linespacing>0.94</linespacing>
		</font>
		<font>
			<name>Font_18B</name><!-- Mpaa -->
			<filename>aeon_flags.ttf</filename>
			<size>18</size>
		</font>
		<font>
			<name>Font_20</name>
			<filename>aeon_mainmenu.ttf</filename>
			<size>20</size>
		</font>
		<font>
			<name>Font_20A</name><!-- nao usar uppercase -->
			<filename>aeon_common.ttf</filename>
			<size>20</size>
		</font>
		<font>
			<name>Font_20B</name><!-- Mpaa -->
			<filename>aeon_flags.ttf</filename>
			<size>20</size>
		</font>
		<font>
			<name>Font_21</name><!-- nao usar uppercase -->
			<filename>aeon_common.ttf</filename>
			<size>21</size>
		</font>
		<font>
			<name>Font_22</name>
			<filename>aeon_mainmenu.ttf</filename>
			<size>22</size>
		</font>
		<font>
			<name>Font_23</name>
			<filename>aeon_mainmenu.ttf</filename>
			<size>23</size>
		</font>
		<font>
			<name>Font_24</name><!-- nao usar uppercase -->
			<filename>aeon_common.ttf</filename>
			<size>24</size>
		</font>
		<font>
			<name>Font_24A</name>
			<filename>aeon_mainmenu.ttf</filename>
			<size>24</size>
		</font>
		<font>
			<name>Font_26</name><!-- nao usar uppercase -->
			<filename>aeon_common.ttf</filename>
			<size>26</size>
		</font>
		<font>
			<name>Font_30</name><!-- nao usar uppercase -->
			<filename>aeon_common.ttf</filename>
			<size>30</size>
		</font>
		<font>
			<name>Font_32</name>
			<filename>aeon_mainmenu.ttf</filename>
			<size>32</size>
		</font>
		<font>
			<name>Font_40</name>
			<filename>aeon_mainmenu.ttf</filename>
			<size>40</size>
		</font>
		<font>
			<name>Font_50</name><!-- menu principal -->
			<filename>aeon_mainmenu.ttf</filename>
			<size>50</size>
		</font>
		<font>
			<name>Font_50a</name><!-- menu principal modelo 2 -->
			<filename>aeon_mainmenu2.ttf</filename>
			<size>50</size>
		</font>
		<font>
			<name>Font_50b</name><!-- menu principal modelo 3 -->
			<filename>aeon_mainmenu3.ttf</filename>
			<size>50</size>
		</font>
		<font>
			<name>Font_50c</name><!-- menu principal modelo 4 -->
			<filename>aeon_mainmenu4.ttf</filename>
			<size>50</size>
		</font>
		<font>
			<name>Font_50d</name><!-- menu principal modelo 5 -->
			<filename>aeon_mainmenu5.ttf</filename>
			<size>50</size>
		</font>
		<font>
			<name>Font_50e</name><!-- menu principal modelo 6 -->
			<filename>aeon_mainmenu6.ttf</filename>
			<size>50</size>
		</font>
		<font>
			<name>Font_50f</name><!-- menu principal modelo 7 -->
			<filename>aeon_mainmenu7.ttf</filename>
			<size>50</size>
		</font>
		<font>	
			<name>Font_50g</name><!-- menu principal modelo 7 -->
			<filename>aeon_mainmenu8.ttf</filename>
			<size>50</size>
		</font>
		<font>	
			<name>Font_60</name><!-- menu principal padrao -->
			<filename>aeon_mainmenu.ttf</filename>
			<size>60</size>
		</font>
		<font>
			<name>Font_60a</name><!-- menu principal modelo 2 -->
			<filename>aeon_mainmenu2.ttf</filename>
			<size>60</size>
		</font>
		<font>
			<name>Font_60b</name><!-- menu principal modelo 3 -->
			<filename>aeon_mainmenu3.ttf</filename>
			<size>60</size>
		</font>
		<font>
			<name>Font_60c</name><!-- menu principal modelo 4 -->
			<filename>aeon_mainmenu4.ttf</filename>
			<size>60</size>
		</font>
		<font>
			<name>Font_60d</name><!-- menu principal modelo 5 -->
			<filename>aeon_mainmenu5.ttf</filename>
			<size>60</size>
		</font>
		<font>
			<name>Font_60e</name><!-- menu principal modelo 6 -->
			<filename>aeon_mainmenu6.ttf</filename>
			<size>60</size>
		</font>
		<font>
			<name>Font_60f</name><!-- menu principal modelo 7 -->
			<filename>aeon_mainmenu7.ttf</filename>
			<size>60</size>
		</font>
		<font>
			<name>Font_60g</name><!-- menu principal modelo 8 -->
			<filename>aeon_mainmenu8.ttf</filename>
			<size>60</size>
		</font>
		<font>
			<name>Font_70</name>
			<filename>aeon_mainmenu.ttf</filename>
			<size>70</size>
		</font>
		<font>
			<name>Font_100</name>
			<filename>aeon_mainmenu.ttf</filename>
			<size>100</size>
			<style>uppercase bold</style>
		</font>
	</fontset>
	<fontset id="Large">
		<font>
			<name>Font_14</name><!-- nao usar uppercase -->
			<filename>aeon_common.ttf</filename>
			<size>19</size>
		</font>
		<font>
			<name>Font_15</name>
			<filename>aeon_mainmenu.ttf</filename>
			<size>20</size>
		</font>
		<font>
			<name>Font_17</name><!-- nao usar uppercase -->
			<filename>aeon_common.ttf</filename>
			<size>22</size>
		</font>
		<font>
			<name>Font_17A</name><!-- nao usar uppercase -->
			<filename>aeon_common.ttf</filename>
			<size>22</size>
			<linespacing>0.89</linespacing>
		</font>
		<font>
			<name>Font_18</name>
			<filename>aeon_mainmenu.ttf</filename>
			<size>23</size>
		</font>
		<font>
			<name>Font13</name><!-- para addons -->
			<filename>aeon_mainmenu.ttf</filename>
			<size>23</size>
		</font>
		<font>
			<name>Font_18A</name><!-- nao usar uppercase -->
			<filename>aeon_common.ttf</filename>
			<size>23</size>
			<linespacing>0.94</linespacing>
		</font>
		<font>
			<name>Font_20</name>
			<filename>aeon_mainmenu.ttf</filename>
			<size>25</size>
		</font>
		<font>
			<name>Font_20A</name><!-- nao usar uppercase -->
			<filename>aeon_common.ttf</filename>
			<size>25</size>
		</font>
		<font>
			<name>Font_20B</name><!-- Mpaa -->
			<filename>aeon_flags.ttf</filename>
			<size>25</size>
		</font>
		<font>
			<name>Font_21</name><!-- nao usar uppercase -->
			<filename>aeon_common.ttf</filename>
			<size>26</size>
		</font>
		<font>
			<name>Font_22</name>
			<filename>aeon_mainmenu.ttf</filename>
			<size>27</size>
		</font>
		<font>
			<name>Font_23</name>
			<filename>aeon_mainmenu.ttf</filename>
			<size>28</size>
		</font>
		<font>
			<name>Font_24</name><!-- nao usar uppercase -->
			<filename>aeon_common.ttf</filename>
			<size>29</size>
		</font>
		<font>
			<name>Font_24A</name>
			<filename>aeon_mainmenu.ttf</filename>
			<size>29</size>
		</font>
		<font>
			<name>Font_26</name><!-- nao usar uppercase -->
			<filename>aeon_common.ttf</filename>
			<size>31</size>
		</font>
		<font>
			<name>Font_30</name><!-- nao usar uppercase -->
			<filename>aeon_common.ttf</filename>
			<size>35</size>
		</font>
		<font>
			<name>Font_32</name>
			<filename>aeon_mainmenu.ttf</filename>
			<size>37</size>
		</font>
		<font>
			<name>Font_40</name>
			<filename>aeon_mainmenu.ttf</filename>
			<size>45</size>
		</font>
		<font>
			<name>Font_50</name><!-- menu principal -->
			<filename>aeon_mainmenu.ttf</filename>
			<size>55</size>
		</font>
		<font>
			<name>Font_50a</name><!-- menu principal modelo 2 -->
			<filename>aeon_mainmenu2.ttf</filename>
			<size>55</size>
		</font>
		<font>
			<name>Font_50b</name><!-- menu principal modelo 3 -->
			<filename>aeon_mainmenu3.ttf</filename>
			<size>55</size>
		</font>
		<font>
			<name>Font_50c</name><!-- menu principal modelo 4 -->
			<filename>aeon_mainmenu4.ttf</filename>
			<size>55</size>
		</font>
		<font>
			<name>Font_50d</name><!-- menu principal modelo 5 -->
			<filename>aeon_mainmenu5.ttf</filename>
			<size>55</size>
		</font>
		<font>
			<name>Font_50e</name><!-- menu principal modelo 6 -->
			<filename>aeon_mainmenu6.ttf</filename>
			<size>55</size>
		</font>
		<font>
			<name>Font_50f</name><!-- menu principal modelo 7 -->
			<filename>aeon_mainmenu7.ttf</filename>
			<size>55</size>
		</font>
		<font>	
			<name>Font_50g</name><!-- menu principal modelo 7 -->
			<filename>aeon_mainmenu8.ttf</filename>
			<size>55</size>
		</font>
		<font>	
			<name>Font_60</name><!-- menu principal padrao -->
			<filename>aeon_mainmenu.ttf</filename>
			<size>65</size>
		</font>
		<font>
			<name>Font_60a</name><!-- menu principal modelo 2 -->
			<filename>aeon_mainmenu2.ttf</filename>
			<size>65</size>
		</font>
		<font>
			<name>Font_60b</name><!-- menu principal modelo 3 -->
			<filename>aeon_mainmenu3.ttf</filename>
			<size>65</size>
		</font>
		<font>
			<name>Font_60c</name><!-- menu principal modelo 4 -->
			<filename>aeon_mainmenu4.ttf</filename>
			<size>65</size>
		</font>
		<font>
			<name>Font_60d</name><!-- menu principal modelo 5 -->
			<filename>aeon_mainmenu5.ttf</filename>
			<size>65</size>
		</font>
		<font>
			<name>Font_60e</name><!-- menu principal modelo 6 -->
			<filename>aeon_mainmenu6.ttf</filename>
			<size>65</size>
		</font>
		<font>
			<name>Font_60f</name><!-- menu principal modelo 7 -->
			<filename>aeon_mainmenu7.ttf</filename>
			<size>65</size>
		</font>
		<font>
			<name>Font_60g</name><!-- menu principal modelo 8 -->
			<filename>aeon_mainmenu8.ttf</filename>
			<size>65</size>
		</font>
		<font>
			<name>Font_70</name>
			<filename>aeon_mainmenu.ttf</filename>
			<size>65</size>
		</font>
		<font>
			<name>Font_100</name>
			<filename>aeon_mainmenu.ttf</filename>
			<size>105</size>
			<style>uppercase bold</style>
		</font>
	</fontset>
	<fontset id="Massive">
		<font>
			<name>Font_14</name><!-- nao usar uppercase -->
			<filename>aeon_common.ttf</filename>
			<size>24</size>
		</font>
		<font>
			<name>Font_15</name>
			<filename>aeon_mainmenu.ttf</filename>
			<size>25</size>
		</font>
		<font>
			<name>Font_17</name><!-- nao usar uppercase -->
			<filename>aeon_common.ttf</filename>
			<size>27</size>
		</font>
		<font>
			<name>Font_17A</name><!-- nao usar uppercase -->
			<filename>aeon_common.ttf</filename>
			<size>27</size>
			<linespacing>0.89</linespacing>
		</font>
		<font>
			<name>Font_18</name>
			<filename>aeon_mainmenu.ttf</filename>
			<size>28</size>
		</font>
		<font>
			<name>Font13</name><!-- para addons -->
			<filename>aeon_mainmenu.ttf</filename>
			<size>28</size>
		</font>
		<font>
			<name>Font_18A</name><!-- nao usar uppercase -->
			<filename>aeon_common.ttf</filename>
			<size>28</size>
			<linespacing>0.94</linespacing>
		</font>
		<font>
			<name>Font_20</name>
			<filename>aeon_mainmenu.ttf</filename>
			<size>30</size>
		</font>
		<font>
			<name>Font_20A</name><!-- nao usar uppercase -->
			<filename>aeon_common.ttf</filename>
			<size>30</size>
		</font>
		<font>
			<name>Font_20B</name><!-- Mpaa -->
			<filename>aeon_flags.ttf</filename>
			<size>30</size>
		</font>
		<font>
			<name>Font_21</name><!-- nao usar uppercase -->
			<filename>aeon_common.ttf</filename>
			<size>31</size>
		</font>
		<font>
			<name>Font_22</name>
			<filename>aeon_mainmenu.ttf</filename>
			<size>32</size>
		</font>
		<font>
			<name>Font_23</name>
			<filename>aeon_mainmenu.ttf</filename>
			<size>33</size>
		</font>
		<font>
			<name>Font_24</name><!-- nao usar uppercase -->
			<filename>aeon_common.ttf</filename>
			<size>34</size>
		</font>
		<font>
			<name>Font_24A</name>
			<filename>aeon_mainmenu.ttf</filename>
			<size>34</size>
		</font>
		<font>
			<name>Font_26</name><!-- nao usar uppercase -->
			<filename>aeon_common.ttf</filename>
			<size>36</size>
		</font>
		<font>
			<name>Font_30</name><!-- nao usar uppercase -->
			<filename>aeon_common.ttf</filename>
			<size>40</size>
		</font>
		<font>
			<name>Font_32</name>
			<filename>aeon_mainmenu.ttf</filename>
			<size>42</size>
		</font>
		<font>
			<name>Font_40</name>
			<filename>aeon_mainmenu.ttf</filename>
			<size>50</size>
		</font>
		<font>
			<name>Font_50</name><!-- menu principal -->
			<filename>aeon_mainmenu.ttf</filename>
			<size>60</size>
		</font>
		<font>
			<name>Font_50a</name><!-- menu principal modelo 2 -->
			<filename>aeon_mainmenu2.ttf</filename>
			<size>60</size>
		</font>
		<font>
			<name>Font_50b</name><!-- menu principal modelo 3 -->
			<filename>aeon_mainmenu3.ttf</filename>
			<size>60</size>
		</font>
		<font>
			<name>Font_50c</name><!-- menu principal modelo 4 -->
			<filename>aeon_mainmenu4.ttf</filename>
			<size>60</size>
		</font>
		<font>
			<name>Font_50d</name><!-- menu principal modelo 5 -->
			<filename>aeon_mainmenu5.ttf</filename>
			<size>60</size>
		</font>
		<font>
			<name>Font_50e</name><!-- menu principal modelo 6 -->
			<filename>aeon_mainmenu6.ttf</filename>
			<size>60</size>
		</font>
		<font>
			<name>Font_50f</name><!-- menu principal modelo 7 -->
			<filename>aeon_mainmenu7.ttf</filename>
			<size>60</size>
		</font>
		<font>	
			<name>Font_50g</name><!-- menu principal modelo 7 -->
			<filename>aeon_mainmenu8.ttf</filename>
			<size>60</size>
		</font>
		<font>	
			<name>Font_60</name><!-- menu principal padrao -->
			<filename>aeon_mainmenu.ttf</filename>
			<size>70</size>
		</font>
		<font>
			<name>Font_60a</name><!-- menu principal modelo 2 -->
			<filename>aeon_mainmenu2.ttf</filename>
			<size>70</size>
		</font>
		<font>
			<name>Font_60b</name><!-- menu principal modelo 3 -->
			<filename>aeon_mainmenu3.ttf</filename>
			<size>70</size>
		</font>
		<font>
			<name>Font_60c</name><!-- menu principal modelo 4 -->
			<filename>aeon_mainmenu4.ttf</filename>
			<size>70</size>
		</font>
		<font>
			<name>Font_60d</name><!-- menu principal modelo 5 -->
			<filename>aeon_mainmenu5.ttf</filename>
			<size>70</size>
		</font>
		<font>
			<name>Font_60e</name><!-- menu principal modelo 6 -->
			<filename>aeon_mainmenu6.ttf</filename>
			<size>70</size>
		</font>
		<font>
			<name>Font_60f</name><!-- menu principal modelo 7 -->
			<filename>aeon_mainmenu7.ttf</filename>
			<size>70</size>
		</font>
		<font>
			<name>Font_60g</name><!-- menu principal modelo 8 -->
			<filename>aeon_mainmenu8.ttf</filename>
			<size>70</size>
		</font>
		<font>
			<name>Font_70</name>
			<filename>aeon_mainmenu.ttf</filename>
			<size>70</size>
		</font>
		<font>
			<name>Font_100</name>
			<filename>aeon_mainmenu.ttf</filename>
			<size>110</size>
			<style>uppercase bold</style>
		</font>
	</fontset>
</fonts>