<?xml version="1.0" encoding="UTF-8"?>
<!-- Aeon MQ 5 -->
<!-- Krypton 9.2.1 window IDs 105 -->

<window>
	<defaultcontrol>-</defaultcontrol>
	<coordinates>
		<system>1</system>
		<posx>0</posx>
		<posy>0</posy>
	</coordinates>
	<controls>
		<control type="image" id="1">
			<description>Pointer Image</description>
			<posx>0</posx>
			<posy>0</posy>
			<width>32</width>
			<height>32</height>
			<texture>pointer_nofocus.png</texture>
		</control>
		<control type="image" id="2">
			<description>Pointer Focus Image</description>
			<posx>0</posx>
			<posy>0</posy>
			<width>32</width>
			<height>32</height>
			<texture>pointer_focus.png</texture>
		</control>
		<control type="image" id="3">
			<description>Pointer Drag Image</description>
			<posx>0</posx>
			<posy>0</posy>
			<width>32</width>
			<height>32</height>
			<texture>pointer_focus_drag.png</texture>
		</control>
		<control type="image" id="4">
			<description>Pointer Click Image</description>
			<posx>0</posx>
			<posy>0</posy>
			<width>32</width>
			<height>32</height>
			<texture>pointer_focus_click.png</texture>
		</control>
	</controls>
</window>