<?xml version="1.0" encoding="UTF-8"?>
<!-- Aeon MQ 5 -->
<!-- Jarvis 8.1.13 -->
<!-- Krypton 9.2.1 window IDs 34/9.2.2 -->

<window>
	<defaultcontrol>9000</defaultcontrol>
	<!-- <allowoverlay>no</allowoverlay> -->
	<controls>
		<control type="multiimage">
			<include>WindowBG</include>
			<imagepath background="true">$VAR[value_menutheme_settings]</imagepath>
		</control>
		<include>LiveBG</include>
		<control type="group"><!-- default group -->
			<include>Animation_Window</include>
			<include>SettingsBack</include><!-- Menu da direita -->
			<control type="label">
				<include>SettingsContentTitle</include>
				<label>31370</label>
			</control>
			<control type="grouplist" id="9001">
				<posx>240</posx>
				<posy>120</posy>
				<width>1040</width>
				<height>275</height>
				<itemgap>0</itemgap>
				<onup>2</onup>
				<ondown>2</ondown>
				<onleft>9000</onleft>
				<onright>9000</onright>
				<control type="radiobutton" id="4">
					<label>31372</label>
					<visible>Container(9000).HasFocus(5)</visible>
				</control>
				<control type="button" id="5">
					<label>33084</label>
					<label2>$INFO[System.ProfileAutoLogin]</label2>
					<visible>Container(9000).HasFocus(5)</visible>
				</control>
			</control>
			<control type="list" id="2">
				<viewtype>list</viewtype>
				<posx>240</posx>
				<posy>120</posy>
				<width>1040</width>
				<height>275</height>
				<itemgap>0</itemgap>
				<onleft>9000</onleft>
				<onright>9000</onright>
				<onup>4</onup>
				<ondown>4</ondown>
				<scrolltime>0</scrolltime>
				<orientation>vertical</orientation>
				<pagecontrol>60</pagecontrol>
				<visible>Container(9000).HasFocus(6)</visible>
				<itemlayout width="990" height="40">
					<control type="label">
						<posx>50</posx>
						<posy>0</posy>
						<width>890</width>
						<height>40</height>
						<align>left</align>
						<aligny>center</aligny>
						<font>Font_20</font>
						<textcolor>FFFFFAF0</textcolor>
						<label>$INFO[ListItem.Label] ($INFO[ListItem.Label2])</label>
						<visible>!IsEmpty(ListItem.Label2)</visible>
					</control>
					<control type="label">
						<posx>50</posx>
						<posy>0</posy>
						<width>890</width>
						<height>40</height>
						<align>left</align>
						<aligny>center</aligny>
						<font>Font_20</font>
						<textcolor>FFFFFAF0</textcolor>
						<label>$INFO[ListItem.Label]</label>
						<visible>IsEmpty(ListItem.Label2)</visible>
					</control>
				</itemlayout>
				<focusedlayout width="990" height="40">
					<control type="image">
						<posx>0</posx>
						<posy>0</posy>
						<width>1040</width>
						<height>40</height>
						<texture>settings_button_focus.png</texture>
						<visible>Control.HasFocus(2)</visible>
					</control>
					<control type="label">
						<posx>50</posx>
						<posy>0</posy>
						<width>890</width>
						<height>40</height>
						<align>left</align>
						<aligny>center</aligny>
						<font>Font_20</font>
						<textcolor>FFFFFAF0</textcolor>
						<label>$INFO[ListItem.Label] ($INFO[ListItem.Label2])</label>
						<visible>![IsEmpty(ListItem.Label2) | Control.HasFocus(2)]</visible>
					</control>
					<control type="label">
						<posx>50</posx>
						<posy>0</posy>
						<width>890</width>
						<height>40</height>
						<align>left</align>
						<aligny>center</aligny>
						<font>Font_20</font>
						<textcolor>FFFFFAF0</textcolor>
						<label>$INFO[ListItem.Label]</label>
						<visible>IsEmpty(ListItem.Label2) + !Control.HasFocus(2)</visible>
					</control>
					<control type="label">
						<posx>50</posx>
						<posy>0</posy>
						<width>890</width>
						<height>40</height>
						<align>left</align>
						<aligny>center</aligny>
						<font>Font_20</font>
						<textcolor>FF101010</textcolor>
						<label>$INFO[ListItem.Label] ($INFO[ListItem.Label2])</label>
						<visible>!IsEmpty(ListItem.Label2) + Control.HasFocus(2)</visible>
					</control>
					<control type="label">
						<posx>50</posx>
						<posy>0</posy>
						<width>890</width>
						<height>40</height>
						<align>left</align>
						<aligny>center</aligny>
						<font>Font_20</font>
						<textcolor>FF101010</textcolor>
						<label>$INFO[ListItem.Label]</label>
						<visible>IsEmpty(ListItem.Label2) + Control.HasFocus(2)</visible>
					</control>
				</focusedlayout>
			</control>

			<include>SettingsMenu</include><!-- Menu da esquerda -->
			<control type="label">
				<include>SettingsSectionTitle</include>
				<label>31202</label>
			</control>

			<control type="list" id="9000">
				<viewtype>list</viewtype>
				<posx>0</posx>
				<posy>120</posy>
				<width>249</width>
				<height>600</height>
				<onup>9000</onup>
				<ondown>9000</ondown>
				<onleft condition="Window.Previous(settings)">ActivateWindow(settings)</onleft>
				<onleft condition="Window.Previous(Home)">ActivateWindow(Home)</onleft>
				<onright condition="Container(9000).HasFocus(5)">9001</onright>
				<onright condition="Container(9000).HasFocus(6)">2</onright>
				<orientation>vertical</orientation>
				<itemgap>0</itemgap>
				<focusposition>0</focusposition>
				<scrolltime>400</scrolltime>
				<itemlayout width="240" height="40">
					<control type="label">
						<include>SettingsLabel</include>
						<label>$INFO[ListItem.Label]</label>
					</control>
				</itemlayout>
				<focusedlayout width="240" height="40">
					<control type="image">
						<texture>settings_button.png</texture>
						<colordiffuse>$VAR[value_texturecolor]</colordiffuse>
						<include>Animation_HomeGlass</include>
						<animation effect="fade" start="100" end="50" time="0" condition="!Control.Hasfocus(9000)">conditional</animation>
					</control>
					<control type="label">
						<include>SettingsLabelFocus</include>
						<label>$INFO[ListItem.Label]</label>
					</control>
				</focusedlayout>
				<content>
					<item id="5"><!-- Login Options -->
						<label>31369</label>
						<icon>-</icon>
						<onclick>SetFocus(55)</onclick>
					</item>
					<item id="6"><!-- User Options -->
						<label>31373</label>
						<icon>-</icon>
						<onclick>SetFocus(9001)</onclick>
					</item>
				</content>
			</control>
			<control type="image">
				<posx>0</posx>
				<posy>0</posy>
				<width>250</width>
				<height>720</height>
				<texture>menu_glass.png</texture>
				<colordiffuse>70FFFAF0</colordiffuse>
			</control>
			<include>RSS</include>
			<include>BGBlack</include>
		</control>
	</controls>
</window>