<?xml version="1.0" encoding="UTF-8"?>
	<!-- Aeon MQ 5 Helix 6.1.6 -->
	<!-- Krypton 9.1.19/9.2.1 window IDs -->

<includes>
	<!--##################################################################################   VISTA MULTIPLEX - ID 61   #############################################################################-->
	<include name="MultiplexLabel_Fanart">
		<posx>0</posx>
		<height>20</height>
		<width>345</width>
		<font>Font_18A</font>
		<aligny>top</aligny>
		<align>left</align>
		<textcolor>$VAR[value_headercolor]</textcolor>
		<textoffsetx>0</textoffsetx>
		<textoffsety>0</textoffsety>
		<scroll>true</scroll>
	</include>
	<include name="MultiplexLabel_Extrathumbs">
		<posx>300</posx>
		<width>310</width>
		<height>13</height>
		<font>Font_18A</font>
		<textcolor>$VAR[value_headercolor]</textcolor>
	</include>
	<include name="MultiplexValue_Extrathumbs">
		<posx>300</posx>
		<width>310</width>
		<height>13</height>
		<align>left</align>
		<font>Font_18A</font>
		<textcolor>FFFFFAF0</textcolor>
		<scroll>true</scroll>
		<scrollout>false</scrollout>
	</include>
	<include name="MultiplexFixedList">
		<control type="fixedlist" id="61">
			<include>Multiplex_Content</include>
		</control>
	</include>
	<include name="MultiplexWrapList">
		<control type="wraplist" id="61">
			<include>Multiplex_Content</include>
		</control>
	</include>
	<include name="Multiplex_Content">
		<viewtype label="31803">list</viewtype>
		<posx>0</posx>
		<posy>360</posy>
		<width>1280</width>
		<height>360</height>
		<onup condition="String.IsEqual(skin.string(multiplexvideopanel),manual) + !String.IsEqual(ListItem.Label,..)">9961</onup>
		<onup condition="![String.IsEqual(skin.string(multiplexvideopanel),manual) + !String.IsEqual(ListItem.Label,..)]">9900</onup>
		<ondown>80</ondown>
		<orientation>horizontal</orientation>
		<focusposition>4</focusposition>
		<scrolltime>400</scrolltime>
		<preloaditems>2</preloaditems>
		<pagecontrol>80</pagecontrol>
		<animation effect="slide" start="0,0" end="0,-10" time="300" tween="sine" easing="out" condition="Control.HasFocus(80)">Conditional</animation>
		<animation effect="fade" start="100" end="20" time="200" condition="Window.IsVisible(637)">Conditional</animation>
		<visible>![Container.Content(episodes) | Container.Content(years)]</visible>
		<itemlayout condition="Skin.HasSetting(nomultiplexvideocase) + [Container.Content(movies) | Container.Content(musicvideos) | Container.Content(sets)] | Container.Content(tvshows) | Container.Content(seasons) | Container.Content(genres) | Container.Content(addons) | Window.IsActive(programs)" width="138.5" height="380">
			<control type="image"><!-- poster reflexo sem estojo -->
				<posx>0</posx>
				<posy>249</posy>
				<width>138</width>
				<height>205</height>
				<aspectratio align="center" aligny="top">stretch</aspectratio>
				<texture flipy="true" diffuse="thumb_reflect.png" background="true">$VAR[value_poster]</texture>
				<bordertexture flipy="true" diffuse="thumb_reflect.png" border="-2">black.png</bordertexture>
			</control>
			<control type="image"><!-- poster sem estojo -->
				<posx>0</posx>
				<posy>40</posy>
				<width>138</width>
				<height>205</height>
				<aspectratio align="center" aligny="bottom">stretch</aspectratio>
				<texture fallback="DefaultVideoPoster.png" background="true">$VAR[value_poster]</texture>
				<bordertexture border="-2">black.png</bordertexture>
			</control>
			<control type="image">
				<posx>108</posx>
				<posy>37</posy>
				<width>30</width>
				<height>30</height>
				<texture>$VAR[value_watchedstyle]</texture>
				<colordiffuse>$VAR[value_watchedcolor]</colordiffuse>
				<visible>!Skin.HasSetting(nooverlays) + String.IsEqual(ListItem.Overlay,OverlayWatched.png)</visible>
			</control>
		</itemlayout>
		<itemlayout condition="!Skin.HasSetting(nomultiplexvideocase) + [Container.Content(movies) | Container.Content(musicvideos) | Container.Content(sets)]" width="138.5" height="380">
			<control type="image"><!-- poster reflexo com estojo -->
				<posx>1</posx>
				<posy>273</posy>
				<width>131</width>
				<height>198</height>
				<aspectratio align="center" aligny="top">stretch</aspectratio>
				<texture flipy="true" diffuse="thumb_reflect.png" background="true">$VAR[value_poster]</texture>
			</control>
			<control type="image"><!-- poster com estojo -->
				<posx>1</posx>
				<posy>60</posy>
				<width>131</width>
				<height>198</height>
				<aspectratio align="center" aligny="bottom">stretch</aspectratio>
				<texture fallback="DefaultVideoPoster.png" background="true">$VAR[value_poster]</texture>
			</control>
			<control type="image"><!-- Estojo reflexo -->
				<posx>-11</posx>
				<posy>252</posy>
				<width>162</width>
				<height>253</height>	
				<fadetime>FanartCrossFadeTime</fadetime>
				<texture flipy="true" diffuse="thumb_box_reflect.png">$VAR[value_videocase0]</texture>
				<aspectratio align="center" aligny="top">stretch</aspectratio>
			</control>
			<control type="image"><!-- Estojo -->
				<posx>-11</posx>
				<posy>26</posy>
				<width>162</width>
				<height>253</height>	
				<fadetime>FanartCrossFadeTime</fadetime>
				<texture>$VAR[value_videocase0]</texture>
				<aspectratio align="center" aligny="bottom">stretch</aspectratio>
			</control>
			<control type="image">
				<posx>102</posx>
				<posy>58</posy>
				<width>30</width>
				<height>30</height>
				<texture>$VAR[value_watchedstyle]</texture>
				<colordiffuse>$VAR[value_watchedcolor]</colordiffuse>
				<visible>!Skin.HasSetting(nooverlays) + String.IsEqual(ListItem.Overlay,OverlayWatched.png)</visible>
			</control>
			<control type="image"><!-- Codec -->
				<posx>51</posx>
				<posy>29</posy>
				<width>41</width>
				<height>41</height>
				<fadetime>FanartCrossFadeTime</fadetime>
				<align>center</align>
				<aligny>center</aligny>
				<aspectratio scalediffuse="true">keep</aspectratio>
				<texture>$VAR[value_videocodec0]</texture>
			</control>
		</itemlayout>
		<focusedlayout condition="Skin.HasSetting(nomultiplexvideocase) + [Container.Content(movies) | Container.Content(musicvideos) | Container.Content(sets)] | Container.Content(tvshows) | Container.Content(seasons) | Container.Content(genres) | Container.Content(addons) | Window.IsActive(programs)" width="175" height="380">
			<control type="image"><!-- borda destaque -->
				<posx>-20</posx>
				<posy>6</posy>
				<width>223</width>
				<height>286</height>
				<aspectratio align="center" aligny="bottom">stretch</aspectratio>
				<texture>thumb_frame.png</texture>
				<colordiffuse>$VAR[value_headercolor]</colordiffuse>
				<animation effect="zoom" start="100" end="110" center="135,255" time="400" easing="out" reversible="false" tween="cubic">Focus</animation>
			</control>
			<control type="image"><!-- poster reflexo sem estojo -->
				<posx>5</posx>
				<posy>280</posy>
				<width>175</width>
				<height>254</height>
				<aspectratio align="center" aligny="top">stretch</aspectratio>
				<texture flipy="true" diffuse="thumb_reflect.png" background="true">$VAR[value_poster]</texture>
				<bordertexture flipy="true" diffuse="thumb_reflect.png" border="-2">black.png</bordertexture>
				<animation effect="zoom" start="100" end="110" center="135,255" time="400" easing="out" reversible="false" tween="cubic">Focus</animation>
			</control>
			<control type="image"><!-- poster  sem estojo -->
				<posx>5</posx>
				<posy>22</posy>
				<width>175</width>
				<height>254</height>
				<aspectratio align="center" aligny="bottom">stretch</aspectratio>
				<texture fallback="DefaultVideoPoster.png" background="true">$VAR[value_poster]</texture>
				<bordertexture border="-2">black.png</bordertexture>
				<animation effect="zoom" start="100" end="110" center="135,255" time="400" easing="out" reversible="false" tween="cubic">Focus</animation>
			</control>
			<control type="image">
				<posx>143</posx>
				<posy>18</posy>
				<width>40</width>
				<height>40</height>
				<texture>$VAR[value_watchedstyle]</texture>
				<colordiffuse>$VAR[value_watchedcolor]</colordiffuse>	
				<animation effect="zoom" start="100" end="110" center="135,255" time="400" easing="out" reversible="false" tween="cubic">Focus</animation>
				<visible>!Skin.HasSetting(nooverlays) + String.IsEqual(ListItem.Overlay,OverlayWatched.png)</visible>
			</control>
		</focusedlayout>
		<focusedlayout condition="!Skin.HasSetting(nomultiplexvideocase) + [Container.Content(movies) | Container.Content(musicvideos) | Container.Content(sets)]" width="175" height="380">
			<control type="image"><!-- poster reflexo com estojo -->
				<posx>10</posx>
				<posy>288</posy>
				<width>158</width>
				<height>233</height>
				<aspectratio align="center" aligny="top">stretch</aspectratio>
				<texture flipy="true" diffuse="thumb_reflect.png" background="true">$VAR[value_poster]</texture>
				<animation effect="zoom" start="100" end="110" center="135,255" time="400" easing="out" reversible="false" tween="cubic">Focus</animation>
			</control>
			<control type="image"><!-- poster  com estojo -->
				<posx>10</posx>
				<posy>40</posy>
				<width>158</width>
				<height>233</height>
				<aspectratio align="center" aligny="bottom">stretch</aspectratio>
				<texture fallback="DefaultVideoPoster.png" background="true">$VAR[value_poster]</texture>
				<animation effect="zoom" start="100" end="110" center="135,255" time="400" easing="out" reversible="false" tween="cubic">Focus</animation>
			</control>
			<control type="image"><!-- Estojo reflexo -->
				<posx>-4</posx>
				<posy>264</posy>
				<width>196</width>
				<height>292</height>	
				<fadetime>FanartCrossFadeTime</fadetime>
				<texture flipy="true" diffuse="thumb_box_reflect.png">$VAR[value_videocase0]</texture>
				<aspectratio align="center" aligny="top">stretch</aspectratio>
				<animation effect="zoom" start="100" end="110" center="135,255" time="400" easing="out" reversible="false" tween="cubic">Focus</animation>
			</control>
			<control type="image"><!-- Estojo -->
				<posx>-4</posx>
				<posy>4</posy>
				<width>196</width>
				<height>292</height>	
				<fadetime>FanartCrossFadeTime</fadetime>
				<texture>$VAR[value_videocase0]</texture>
				<aspectratio align="center" aligny="bottom">stretch</aspectratio>
				<animation effect="zoom" start="100" end="110" center="135,255" time="400" easing="out" reversible="false" tween="cubic">Focus</animation>
			</control>
			<control type="image">
				<posx>134</posx>
				<posy>41</posy>
				<width>35</width>
				<height>35</height>
				<texture>$VAR[value_watchedstyle]</texture>
				<colordiffuse>$VAR[value_watchedcolor]</colordiffuse>	
				<animation effect="zoom" start="100" end="110" center="135,255" time="400" easing="out" reversible="false" tween="cubic">Focus</animation>
				<visible>!Skin.HasSetting(nooverlays) + String.IsEqual(ListItem.Overlay,OverlayWatched.png)</visible>	
			</control>
			<control type="image"><!-- Codec -->
				<posx>71</posx>
				<posy>9</posy>
				<width>43</width>
				<height>43</height>
				<fadetime>FanartCrossFadeTime</fadetime>
				<align>center</align>
				<aligny>center</aligny>
				<aspectratio scalediffuse="true">keep</aspectratio>
				<texture>$VAR[value_videocodec0]</texture>
				<animation effect="zoom" start="100" end="110" center="135,255" time="400" easing="out" reversible="false" tween="cubic">Focus</animation>
			</control>
		</focusedlayout>
	</include>
	<include name="ViewMultiplex">
		<control type="group"><!-- default group -->
			<animation effect="fade" time="400">VisibleChange</animation>
			<control type="button" id="9961">
				<include>InvisibleButton</include>
				<onleft>61</onleft>
				<onright>61</onright>
				<onup>9900</onup>
				<ondown>61</ondown>
			</control>
			<visible>Control.IsVisible(61)</visible>
			<control type="group"><!-- painel de info fanart layout -->
				<animation effect="slide" start="0,-600" end="0,0" time="500" tween="sine" easing="out">Visible</animation>
				<animation effect="slide" start="0,0" end="0,-600" time="500" tween="sine" easing="out">Hidden</animation>
				<visible>[Control.HasFocus(9961) | String.IsEqual(skin.string(multiplexvideopanel),alwayson) | String.IsEqual(skin.string(multiplexvideopanel),auto) + Control.IsVisible(9921) | Window.IsVisible(637)] + String.Contains(skin.string(multiplexlayout),fanart) + ![String.IsEqual(ListItem.Label,..) | Container.Content(years) | Container.Content(genres) | Container.Content(actors)]</visible>
				<control type="image">
					<posx>0</posx>
					<posy>56</posy>
					<width>1280</width>
					<height>30</height>
					<texture>shadow_h.png</texture>
					<colordiffuse>C3FFFFFF</colordiffuse>
				</control>
				<control type="image">
					<posx>0</posx>
					<posy>85</posy>
					<width>1280</width>
					<height>530</height>
					<texture flipy="true" diffuse="shadow_mask.png">darkgrey.png</texture>
					<colordiffuse>$VAR[value_texturecolor]</colordiffuse>
					<animation effect="fade" end="85" condition="true">Conditional</animation>
				</control>
				<control type="grouplist">
					<posx>30</posx>
					<posy>104</posy>
					<orientation>vertical</orientation>
					<itemgap>10</itemgap>
					<visible>!Container.Content(addons)</visible>
					<control type="label">
						<include>MultiplexLabel_Fanart</include>
						<label>$VAR[value_ground11_label]: [COLOR=FFFFFAF0]$VAR[value_ground11_value][/COLOR]</label>
					</control>
					<control type="label">
						<include>MultiplexLabel_Fanart</include>
						<label>$VAR[value_ground12_label]: [COLOR=FFFFFAF0]$VAR[value_ground12_value][/COLOR]</label>
					</control>
					<control type="label">
						<include>MultiplexLabel_Fanart</include>
						<label>$VAR[value_ground13_label]: [COLOR=FFFFFAF0]$VAR[value_ground13_value][/COLOR]</label>
					</control>
					<control type="label">
						<include>MultiplexLabel_Fanart</include>
						<label>$VAR[value_ground14_label]: [COLOR=FFFFFAF0]$VAR[value_ground14_value][/COLOR]</label>
					</control>
					<control type="label">
						<include>MultiplexLabel_Fanart</include>
						<label>$VAR[value_ground15_label]: [COLOR=FFFFFAF0]$VAR[value_ground15_value][/COLOR]</label>
					</control>
					<control type="label">
						<include>MultiplexLabel_Fanart</include>
						<label>$VAR[value_ground16_label]: [COLOR=FFFFFAF0]$VAR[value_ground16_value][/COLOR]</label>
					</control>
					<control type="label">
						<include>MultiplexLabel_Fanart</include>
						<label>$VAR[value_ground17_label]: [COLOR=FFFFFAF0]$VAR[value_ground17_value][/COLOR]</label>
					</control>
				</control>
				<control type="image">
					<posx>400</posx>
					<posy>85</posy>
					<width>2</width>
					<height>273</height>
					<texture>separator_v.png</texture>
				</control>
				<control type="image">
					<posx>805</posx>
					<posy>85</posy>
					<width>2</width>
					<height>273</height>
					<texture>separator_v.png</texture>
				</control>
				<control type="textbox">
					<posx>423</posx>
					<posy>104</posy>
					<width>360</width>
					<height>242</height>
					<font>Font_18A</font>
					<label>$VAR[value_plot]</label>
					<autoscroll delay="15000" time="2000" repeat="15000">!Skin.HasSetting(noallowscroll)</autoscroll>
				</control>
				<control type="image">
					<posx>0</posx>
					<posy>358</posy>
					<width>1280</width>
					<height>2</height>
					<texture>separator.png</texture>
				</control>
				<control type="image">
					<posx>790</posx>
					<posy>106</posy>
					<width>500</width>
					<height>235</height>
					<aspectratio>keep</aspectratio>
					<texture background="true">$INFO[ListItem.Art(fanart)]</texture>
					<bordertexture border="-2">black.png</bordertexture>
					<fadetime>FanartCrossFadeTime</fadetime>
				</control>
			</control>
			<control type="group"><!-- painel de info extrathumbs layout -->
				<animation effect="slide" start="0,-600" end="0,0" time="500" tween="sine" easing="out">Visible</animation>
				<animation effect="slide" start="0,0" end="0,-600" time="500" tween="sine" easing="out">Hidden</animation>
				<visible>[Control.HasFocus(9961) | String.IsEqual(skin.string(multiplexvideopanel),alwayson) | String.IsEqual(skin.string(multiplexvideopanel),auto) + Control.IsVisible(9921)] + String.Contains(skin.string(multiplexlayout),extrathumbs) + ![String.IsEqual(ListItem.Label,..) | Container.Content(years) | Container.Content(genres) | Container.Content(actors)]</visible>
				<control type="image">
					<posx>0</posx>
					<posy>56</posy>
					<width>1280</width>
					<height>30</height>
					<texture>shadow_h.png</texture>
					<colordiffuse>C3FFFFFF</colordiffuse>
				</control>
				<control type="image">
					<posx>0</posx>
					<posy>85</posy>
					<width>1280</width>
					<height>530</height>
					<texture flipy="true" diffuse="shadow_mask.png">darkgrey.png</texture>
					<colordiffuse>$VAR[value_texturecolor]</colordiffuse>
					<animation effect="fade" end="85" condition="true">Conditional</animation>
				</control>
				<control type="image"><!-- Thumb 1 fundo -->
					<posx>15</posx>
					<posy>85</posy>
					<width>241</width>
					<height>140</height>
					<aspectratio align="left" aligny="bottom">stretch</aspectratio>
					<texture>fanartframe.png</texture>
					<colordiffuse>$VAR[value_texturecolor]</colordiffuse>
				</control>
				<control type="image"><!-- Thumb 1 -->
					<posx>20</posx>
					<posy>90</posy>
					<width>231</width>
					<height>130</height>
					<aspectratio align="left" aligny="bottom">stretch</aspectratio>
					<fadetime>FanartCrossFadeTime</fadetime>
					<texture fallback="DefaultExtraThumbs.png" background="true">$INFO[ListItem.Path,,extrathumbs/thumb1.jpg]</texture>
					<bordersize>5</bordersize>
				</control>
				<control type="image"><!-- Thumb 2 fundo -->
					<posx>15</posx>
					<posy>220</posy>
					<width>241</width>
					<height>140</height>
					<aspectratio align="left" aligny="bottom">stretch</aspectratio>
					<texture>fanartframe.png</texture>
					<colordiffuse>$VAR[value_texturecolor]</colordiffuse>
				</control>
				<control type="image"><!-- Thumb 2 -->
					<posx>20</posx>
					<posy>225</posy>
					<width>231</width>
					<height>130</height>
					<aspectratio align="left" aligny="bottom">stretch</aspectratio>
					<fadetime>FanartCrossFadeTime</fadetime>
					<texture fallback="DefaultExtraThumbs.png" background="true">$INFO[ListItem.Path,,extrathumbs/thumb2.jpg]</texture>
					<bordersize>5</bordersize>
				</control>
				<control type="image"><!-- Thumb 3 fundo -->
					<posx>1024</posx>
					<posy>85</posy>
					<width>241</width>
					<height>140</height>
					<aspectratio align="left" aligny="bottom">stretch</aspectratio>
					<texture>fanartframe.png</texture>
					<colordiffuse>$VAR[value_texturecolor]</colordiffuse>
				</control>
				<control type="image"><!-- Thumb 3 -->
					<posx>1029</posx>
					<posy>90</posy>
					<width>231</width>
					<height>130</height>
					<aspectratio align="right" aligny="bottom">stretch</aspectratio>
					<fadetime>FanartCrossFadeTime</fadetime>
					<texture fallback="DefaultExtraThumbs.png" background="true">$INFO[ListItem.Path,,extrathumbs/thumb3.jpg]</texture>
					<bordersize>5</bordersize>
				</control>
				<control type="image"><!-- Thumb 4 fundo -->
					<posx>1024</posx>
					<posy>220</posy>
					<width>241</width>
					<height>140</height>
					<aspectratio align="left" aligny="bottom">stretch</aspectratio>
					<texture>fanartframe.png</texture>
					<colordiffuse>$VAR[value_texturecolor]</colordiffuse>
				</control>
				<control type="image"><!-- Thumb 4 -->
					<posx>1029</posx>
					<posy>225</posy>
					<width>231</width>
					<height>130</height>
					<aspectratio align="right" aligny="bottom">stretch</aspectratio>
					<fadetime>FanartCrossFadeTime</fadetime>
					<texture fallback="DefaultExtraThumbs.png" background="true">$INFO[ListItem.Path,,extrathumbs/thumb4.jpg]</texture>
					<bordersize>5</bordersize>
				</control>
				<control type="label">
					<include>MultiplexLabel_Extrathumbs</include>
					<posy>104</posy>
					<label>$VAR[value_ground1_label]</label>
				</control>
				<control type="fadelabel">
					<include>MultiplexValue_Extrathumbs</include>
					<posy>124</posy>
					<label>$VAR[value_ground1_value]</label>
				</control>
				<control type="label">
					<include>MultiplexLabel_Extrathumbs</include>
					<posy>154</posy>
					<label>$VAR[value_ground2_label]</label>
				</control>
				<control type="fadelabel">
					<include>MultiplexValue_Extrathumbs</include>
					<posy>174</posy>
					<label>$VAR[value_ground2_value]</label>
				</control>
				<control type="label">
					<include>MultiplexLabel_Extrathumbs</include>
					<posy>204</posy>
					<label>$VAR[value_ground3_label]</label>
				</control>
				<control type="fadelabel">
					<include>MultiplexValue_Extrathumbs</include>
					<posy>224</posy>
					<label>$VAR[value_ground3_value]</label>
				</control>
				<control type="label">
					<include>MultiplexLabel_Extrathumbs</include>
					<posy>254</posy>
					<label>$VAR[value_ground4_label]</label>
				</control>
				<control type="fadelabel">
					<include>MultiplexValue_Extrathumbs</include>
					<posy>274</posy>
					<label>$VAR[value_ground4_value]</label>
				</control>
				<control type="label">
					<include>MultiplexLabel_Extrathumbs</include>
					<posy>304</posy>
					<label>$VAR[value_ground5_label]</label>
				</control>
				<control type="fadelabel">
					<include>MultiplexValue_Extrathumbs</include>
					<posy>324</posy>
					<label>$VAR[value_ground5_value]</label>
				</control>
				<control type="image">
					<posx>275</posx>
					<posy>85</posy>
					<width>2</width>
					<height>273</height>
					<texture>separator_v.png</texture>
				</control>
				<control type="image">
					<posx>640</posx>
					<posy>85</posy>
					<width>2</width>
					<height>273</height>
					<texture>separator_v.png</texture>
				</control>
				<control type="image">
					<posx>1005</posx>
					<posy>85</posy>
					<width>2</width>
					<height>273</height>
					<texture>separator_v.png</texture>
				</control>
				<control type="textbox">
					<posx>665</posx>
					<posy>104</posy>
					<width>310</width>
					<height>242</height>
					<font>Font_18A</font>
					<label>$VAR[value_plot]</label>
					<autoscroll delay="15000" time="2000" repeat="15000">!Skin.HasSetting(noallowscroll)</autoscroll>
				</control>
				<control type="image">
					<posx>0</posx>
					<posy>358</posy>
					<width>1280</width>
					<height>2</height>
					<texture>separator.png</texture>
				</control>
			</control>
			<include condition="Skin.HasSetting(multiplexfixedlist)">MultiplexFixedList</include>
			<include condition="!Skin.HasSetting(multiplexfixedlist)">MultiplexWrapList</include>
			<control type="scrollbar" id="80">
				<include>ScrollBar_Horizontal</include>
				<posx>190</posx>
				<posy>613</posy>
				<width>900</width>
				<onup>61</onup>
				<ondown>9920</ondown>
				<include>Animation_Fade</include>
				<visible allowhiddenfocus="true">Control.IsVisible(61) + Control.HasFocus(80)</visible>
			</control>
		</control>
	</include>
</includes>