<?xml version="1.0" encoding="UTF-8"?>
<!-- Jarvis 8.1.14 -->
<!-- Krypton 9.1.18 -->
<window>
	<defaultcontrol>9000</defaultcontrol>
	<controls>
		<control type="group">
			<posy>80</posy>
			<include>Animation_DialogPopup</include>
			<control type="image">
				<posx>171</posx>
				<posy>40</posy>
				<width>30</width>
				<height>481</height>
				<texture flipx="true">shadow.png</texture>
				<colordiffuse>C3FFFFFF</colordiffuse>
			</control>
			<control type="image"><!-- Fundo -->
				<posx>200</posx>
				<posy>40</posy>
				<width>925</width>
				<height>481</height>
				<texture>darkgrey.png</texture>
				<colordiffuse>F0FFFFFF</colordiffuse>
			</control>
			<control type="image"><!-- Fundo do titulo -->
				<posx>200</posx>
				<posy>40</posy>
				<width>925</width>
				<height>50</height>
				<texture>black.png</texture>
				<colordiffuse>90FFFFFF</colordiffuse>
			</control>
			<control type="label"><!-- Header title -->
				<posx>220</posx>
				<posy>50</posy>
				<width>690</width>
				<align>center</align>
				<label>$LOCALIZE[15020]</label>
				<font>Font_23</font>
				<textcolor>80FFFAF0</textcolor>
			</control>
			<control type="label"><!-- Mode step -->
				<posx>263</posx>
				<posy>90</posy>
				<width>200</width>
				<height>30</height>
				<align>left</align>
				<aligny>center</aligny>
				<font>Font_18</font>
				<textcolor>$VAR[value_headercolor]</textcolor>
				<label>Process Step</label>
			</control>
			<control type="image"><!-- Mode process arrow -->
				<posx>290</posx>
				<posy>160</posy>
				<width>10</width>
				<height>50</height>
				<texture flipy="true">arrow.png</texture>
				<colordiffuse>F0FFFFFF</colordiffuse>
			</control>
						<control type="image"><!-- Mode process arrow -->
				<posx>290</posx>
				<posy>240</posy>
				<width>10</width>
				<height>50</height>
				<texture flipy="true">arrow.png</texture>
				<colordiffuse>F0FFFFFF</colordiffuse>
			</control>
						<control type="image"><!-- Mode process arrow -->
				<posx>290</posx>
				<posy>320</posy>
				<width>10</width>
				<height>50</height>
				<texture flipy="true">arrow.png</texture>
				<colordiffuse>F0FFFFFF</colordiffuse>
			</control>
						<control type="image"><!-- Mode process arrow -->
				<posx>290</posx>
				<posy>400</posy>
				<width>10</width>
				<height>50</height>
				<texture flipy="true">arrow.png</texture>
				<colordiffuse>F0FFFFFF</colordiffuse>
			</control>
			<control type="list" id="9000">  <!-- Mode list -->
				<posx>240</posx>
				<posy>120</posy>
				<width>210</width>
				<height>400</height>
				<onup>9000</onup>
				<onleft>9001</onleft>
				<onright>200</onright>
				<ondown>9000</ondown>
				<itemgap>40</itemgap>					
				<itemlayout width="200" height="80">
					<control type="label"><!-- mode step -->
						<posx>10</posx>
						<posy>-40</posy>
						<width>180</width>
						<font>Font_18</font>
						<aligny>center</aligny>
						<textcolor>FFFFFAF0</textcolor>
						<label>$INFO[ListItem.Label]</label>
					</control>
				</itemlayout>
				<focusedlayout width="200" height="80">
					<control type="label"><!-- mode step -->
						<posx>10</posx>
						<posy>-40</posy>
						<width>180</width>
						<font>Font_18</font>
						<aligny>center</aligny>
						<textcolor>$VAR[value_headercolor]</textcolor>
						<label>$INFO[ListItem.Label]</label>
					</control>
					<control type="image">
						<posx>0</posx>
						<posy>0</posy>
						<width>200</width>
						<height>40</height>
						<texture>settings_button_focus.png</texture>
						<visible>Control.HasFocus(9000)</visible>
						<!-- <colordiffuse>40FFFFFF</colordiffuse> -->
					</control>
					<control type="image">
						<posx>0</posx>
						<posy>0</posy>
						<width>200</width>
						<height>40</height>
						<texture>settings_button_focus.png</texture>
						<visible>!Control.HasFocus(9000)</visible>
						<colordiffuse>40FFFFFF</colordiffuse>
					</control>
				</focusedlayout>
				<content>
					<item id="91">
						<label>1. $LOCALIZE[15057]</label>
						<label2>$LOCALIZE[15114]</label2>
						<!-- <visible>true</visible> -->
						<onclick>noop</onclick>
						<property name="currentMode">InputResampling</property>
					</item>
					<item id="92">
						<label>2. $LOCALIZE[15058]</label>
						<label2>$LOCALIZE[15113]</label2>
						<!-- visible>true</visible> -->
						<onclick>noop</onclick>
						<property name="currentMode">Preprocessing</property>
					</item>
					<item id="93">
						<label>3. $LOCALIZE[15059]</label>
						<label2>$LOCALIZE[15115]</label2>
						<!-- <visible>true</visible> -->
						<onclick>noop</onclick>
						<property name="currentMode">Masterprocessing</property>
					</item>
					<item id="94">
						<label>4. $LOCALIZE[15060]</label>
						<label2>$LOCALIZE[15117]</label2>
						<!-- visible>true</visible> -->
						<onclick>noop</onclick>
						<property name="currentMode">Postprocessing</property>
					</item>
					<item id="95">
						<label>5. $LOCALIZE[15061]</label>
						<label2>$LOCALIZE[15116]</label2>
						<!-- <visible>true</visible> -->
						<onclick>noop</onclick>
						<property name="currentMode">OutputResampling</property>
					</item>
				</content>
			</control>
			<control type="group" id="200">
				<posx>240</posx>
				<posy>120</posy>
				<control type="label"> <!-- inactive mode header -->
					<posx>250</posx>
					<posy>170</posy>
					<width>400</width>
					<height>30</height>
					<aligny>center</aligny>
					<align>left</align>
					<font>Font_18</font>
					<textcolor>$VAR[value_headercolor]</textcolor>
					<label>$LOCALIZE[15050]</label>
				</control>
				<control type="list" id="20"> <!-- Inactive modes -->
					<posx>250</posx>
					<posy>200</posy>
					<height>200</height>
					<width>400</width>
					<onleft>9000</onleft>
					<onright>60</onright>
					<onup>21</onup>
					<ondown>21</ondown>
					<pagecontrol>60</pagecontrol>
					<scrolltime>200</scrolltime>
					<itemlayout width="400" height="40">
						<control type="image">
							<left>15</left>
							<top>8</top>
							<width>30</width>
							<height>30</height>
							<texture>$INFO[ListItem.Icon]</texture>
							<aspectratio aligny="center" align="left">keep</aspectratio>
							<visible>!StringCompare(ListItem.Icon,"")</visible>
						</control>
						<control type="label">
							<posx>48</posx>
							<width>350</width>
							<align>left</align>
							<aligny>center</aligny>
							<font>Font_18</font>
							<textcolor>$VAR[value_headercolor]</textcolor>
							<label>$INFO[ListItem.Label2]: $INFO[ListItem.Label]</label>
						</control>
					</itemlayout>
					<focusedlayout width="400" height="40">
						<control type="image">
							<left>15</left>
							<top>8</top>
							<width>30</width>
							<height>30</height>
							<texture fallback="DefaultAudioDSP.png">$INFO[ListItem.Icon]</texture>
							<aspectratio aligny="center" align="left">keep</aspectratio>
						</control>
						<control type="image">
							<posy>0</posy>
							<width>400</width>
							<height>40</height>
							<texture>settings_button_focus.png</texture>
							<colordiffuse>B6FFFFFF</colordiffuse>
							<visible>Control.HasFocus(20)</visible>
						</control>
						<control type="label">
							<posx>48</posx>
							<width>350</width>
							<align>left</align>
							<aligny>center</aligny>
							<font>Font_18</font>
							<textcolor>$VAR[value_headercolor]</textcolor>
							<selectedcolor>FFFF8C00</selectedcolor>
							<label>$INFO[ListItem.Label2]: $INFO[ListItem.Label]</label>
						</control>
					</focusedlayout>
				</control>
				<control type="scrollbar" id="60">
					<include>ScrollBar_Vertical</include>
					<posx>650</posx>
					<posy>200</posy>
					<height>180</height>
					<onleft>20</onleft>
					<onright>21</onright>
					<ondown>60</ondown>
					<onup>60</onup>
					<showonepage>false</showonepage>
				</control>
				<control type="label"> <!-- current mode -->
					<posx>250</posx>
					<posy>-30</posy>
					<width>400</width>
					<height>30</height>
					<align>left</align>
					<aligny>center</aligny>
					<font>Font_18</font>
					<textcolor>$VAR[value_headercolor]</textcolor>
					<label>$LOCALIZE[15051]:</label>
				</control>
				<control type="list" id="21"> <!-- active modes -->
					<posx>250</posx>
					<posy>10</posy>
					<width>400</width>
					<height>200</height>
					<onup>20</onup>
					<ondown>20</ondown>
					<onleft>9000</onleft>
					<onright>61</onright>
					<pagecontrol>61</pagecontrol>
					<scrolltime>200</scrolltime>
					<itemlayout width="400" height="80">
						<control type="image">
							<posx>5</posx>
							<posy>5</posy>
							<width>70</width>
							<height>70</height>
							<texture fallback="DefaultAudioDSP.png">$INFO[ListItem.Icon]</texture>
							<aspectratio>keep</aspectratio>
						</control>
						<control type="textbox">
							<posx>80</posx>
							<posy>0</posy>
							<width>320</width>
							<height>45</height>
							<font>Font_18</font>
							<textcolor>$VAR[value_headercolor]</textcolor>
							<selectedcolor>blue</selectedcolor>
							<label>$INFO[ListItem.Label2]: $INFO[ListItem.Label]</label>
						</control>
						<control type="textbox">
							<posx>80</posx>
							<posy>50</posy>
							<width>320</width>
							<height>30</height>
							<font>Font_18A</font>
							<selectedcolor>blue</selectedcolor>
							<label>$INFO[ListItem.Property(Description)]</label>
						</control>
					</itemlayout>
					<focusedlayout width="400" height="80">
						<control type="image">
									<posy>0</posy>
									<width>400</width>
									<height>80</height>
									<texture>settings_button_focus.png</texture>
									<colordiffuse>B6FFFFFF</colordiffuse>
									<visible>Control.HasFocus(21)</visible>
						</control>
						<control type="image">
							<posx>5</posx>
							<posy>5</posy>
							<width>70</width>
							<height>70</height>
							<texture fallback="DefaultAudioDSP.png">$INFO[ListItem.Icon]</texture>
							<aspectratio>keep</aspectratio>
						</control>
						<control type="textbox">
							<posx>80</posx>
							<posy>0</posy>
							<width>320</width>
							<height>45</height>
							<font>Font_18</font>
							<textcolor>$VAR[value_headercolor]</textcolor>
							<selectedcolor>blue</selectedcolor>
							<label>$INFO[ListItem.Label2]: $INFO[ListItem.Label]</label>
						</control>
						<control type="textbox">
							<posx>80</posx>
							<posy>50</posy>
							<width>320</width>
							<height>30</height>
							<font>Font_18A</font>
							<selectedcolor>blue</selectedcolor>
							<autoscroll delay="3000" time="1000" repeat="3000">Control.HasFocus(21)</autoscroll>
							<align>left</align>
							<label>$INFO[ListItem.Property(Description)]</label>
						</control>
					</focusedlayout>
				</control>
				<control type="scrollbar" id="61">
					<include>ScrollBar_Vertical</include>
					<posx>650</posx>
					<posy>10</posy>
					<height>180</height>
					<onleft>21</onleft>
					<onright>20</onright>
					<ondown>61</ondown>
					<onup>61</onup>
					<showonepage>false</showonepage>
				</control>
			</control>
			<control type="textbox">
				<description>current mode description label</description>
				<posx>290</posx>
				<posy>578</posy>
				<width>740</width>
				<height>60</height>
				<font>Font_18A</font>
				<align>left</align>
				<aligny>center</aligny>
				<autoscroll delay="3000" time="1000" repeat="3000">Control.HasFocus(9000)</autoscroll>
				<label>$INFO[Container(9000).ListItem.Label2]</label>
			</control>
			<control type="image"><!-- Actions background-->
				<posx>882</posx>
				<posy>40</posy>
				<width>30</width>
				<height>481</height>
				<texture flipx="true">shadow.png</texture>
				<colordiffuse>C3FFFFFF</colordiffuse>
			</control>
			<control type="image">
				<posx>1125</posx>
				<posy>40</posy>
				<width>30</width>
				<height>481</height>
				<texture>shadow.png</texture>
				<colordiffuse>C3FFFFFF</colordiffuse>
			</control>
			<control type="image">
				<posx>912</posx>
				<posy>40</posy>
				<width>213</width>
				<height>481</height>
				<texture>grey.png</texture>
				<colordiffuse>90FFFFFF</colordiffuse>
			</control>
			<control type="grouplist" id="9001"> <!-- Action buttons -->
				<posx>912</posx>
				<posy>95</posy>
				<control type="radiobutton" id="22"><!-- Add -->
					<include>SettingsDialogButton</include>
					<label>$LOCALIZE[15064]</label>
					<radioposx>150</radioposx>
					<onleft>9000</onleft>
					<onright>9000</onright>
					<onup>24</onup>
					<ondown>23</ondown>
				</control>
				<control type="button" id="23"><!-- Apply -->
					<include>SettingsDialogButton</include>
					<label>$LOCALIZE[14070]</label>
					<onleft>9000</onleft>
					<onright>9000</onright>
					<onup>22</onup>
					<ondown>24</ondown>
				</control>
				<control type="button" id="24"><!-- Clear active modes -->
					<include>SettingsDialogButton</include>
					<label>$LOCALIZE[15066]</label>
					<onleft>9000</onleft>
					<onright>9000</onright>
					<onup>23</onup>
					<ondown>22</ondown>
				</control>
			</control>
			<control type="image">
				<posx>904</posx>
				<posy>40</posy>
				<width>171</width>
				<height>481</height>
				<texture flipx="true">menu_glass.png</texture>
				<colordiffuse>70FFFAF0</colordiffuse>
			</control>
		</control>
	</controls>
</window>
