<?xml version="1.0" encoding="UTF-8"?>
<!-- Aeon MQ 5 Helix 6.1.3 Lizard-king/6.1.4/6.1.5/6.1.8 -->
<!-- Jarvis 8.1.13 -->
<!-- Krypton 9.1.17 -->
<window>
	<defaultcontrol always="true">51</defaultcontrol>
	<menucontrol>9000</menucontrol>
	<onunload condition="Skin.HasSetting(kioskcode)">Skin.Reset($INFO[skin.string(custom_code)])</onunload>
	<!-- <allowoverlay>no</allowoverlay> -->
	<views>51,54,55,56,57,59,62</views>
	<controls>
		<control type="multiimage"><!-- Fanart -->
			<include>WindowBG</include>
			<imagepath background="true">$VAR[value_menutheme_livetv]</imagepath>
		</control>
		<control type="group"><!-- Visualizacao de fundo/Background visualization -->
			<animation effect="fade" reversible="true" time="300">VisibleChange</animation>
			<control type="image">
				<posx>0</posx>
				<posy>0</posy>
				<width>1280</width>
				<height>720</height>
				<texture>black.png</texture>
				<colordiffuse>C3FFFFFF</colordiffuse>
				<include>Animation_Fade</include>
				<visible>Player.HasMedia</visible>
			</control>
			<control type="videowindow">
				<posx>0</posx>
				<posy>0</posy>
				<width>1280</width>
				<height>720</height>
				<visible>Player.HasVideo</visible>
				<animation effect="slide" start="0,0" end="-2000,0" time="0">WindowClose</animation>
			</control>
			<control type="visualisation">
				<posx>0</posx>
				<posy>0</posy>
				<width>1280</width>
				<height>720</height>
				<visible>Player.HasAudio</visible>
				<animation effect="slide" start="0,0" end="-2000,0" time="0">WindowClose</animation>
			</control>
		</control>

		<control type="group"><!-- default group -->
			<include>Animation_Window</include>
			<visible>![Window.IsActive(PVRGuideInfo) | Window.IsActive(PVRRecordingInfo) | Window.IsActive(PVRGuideSearch) | Window.IsActive(PVRTimerSetting)]</visible>

			<control type="button" id="9900"><!-- to menu/kiosk condition -->
				<include>InvisibleButton</include>
				<onfocus condition="![Skin.HasSetting(kiosk) | Skin.HasSetting(kiosksmart) + !SubString(skin.string(codestep),step3)]">SetFocus(9000)</onfocus>
				<onfocus condition="Skin.HasSetting(kiosksmart) + !SubString(skin.string(codestep),step3)">SetFocus(9100)</onfocus>
				<onfocus condition="Skin.HasSetting(kiosk)">SetFocus(9100)</onfocus>
			</control>
			<control type="button" id="9920"><!-- hidden colection/view fanart -->
				<include>InvisibleButton</include>
				<onleft>SetFocus(11)</onleft>
				<onright>SetFocus(11)</onright>
				<onup>SetFocus(11)</onup>
				<ondown>SetFocus(11)</ondown>
			</control>

			<!-- Recording/Time -->
			<control type="group">
				<animation effect="slide" start="0,-70" end="0,0" time="500" delay="1000" easing="inout" tween="cubic">WindowOpen</animation>
				<animation effect="slide" start="0,-70" end="0,0" time="500" delay="1000" easing="inout" tween="cubic">Visible</animation>
				<animation effect="slide" start="0,0" end="0,-70" time="300" easing="inout" tween="cubic">WindowClose</animation>
				<animation effect="slide" start="0,0" end="0,-70" time="300" easing="inout" tween="cubic">Hidden</animation>
				<animation effect="slide" start="0,0" end="300,0" time="0" easing="in" tween="cubic" condition="Control.IsVisible(11) | Control.IsVisible(12)">Conditional</animation>
				<visible>[PVR.IsRecording | PVR.HasNonRecordingTimer] + ![Player.HasMedia | Control.HasFocus(9920) | ControlGroup(9000).HasFocus]</visible>
				<control type="image">
					<posx>0</posx>
					<posy>0</posy>
					<width>500</width>
					<height>26</height>
					<texture>widgets_panel.png</texture>
					<colordiffuse>$VAR[value_texturecolor]</colordiffuse>
					<include>Animation_HomeGlass</include>
				</control>
				<control type="image">
					<posx>20</posx>
					<posy>5</posy>
					<width>15</width>
					<height>15</height>
					<aspectratio>keep</aspectratio>
					<texture>pvr_hastimer.png</texture>
					<visible>PVR.HasNonRecordingTimer + !PVR.IsRecording</visible>
				</control>
				<control type="image">
					<posx>20</posx>
					<posy>5</posy>
					<width>20</width>
					<height>15</height>
					<aspectratio>keep</aspectratio>
					<texture>pvr_isrecording.png</texture>
					<visible>PVR.IsRecording</visible>
				</control>
				<control type="label">
					<posx>470</posx>
					<posy>2</posy>
					<width>420</width>
					<height>20</height>
					<align>right</align>
					<aligny>center</aligny>
					<font>Font_18A</font>
					<textcolor>FFFFFAF0</textcolor>
					<label>$VAR[value_pvrstatus]</label>
					<scroll>true</scroll>
				</control>
			</control>

			<control type="label" id="29">
				<description>Current Category</description>
				<include>InvisibleButton</include>
				<visible>false</visible>
			</control>
			<control type="label" id="30">
				<description>Current Sub Category</description>
				<include>InvisibleButton</include>
				<visible>false</visible>
			</control>

			<control type="group"><!-- All views Grupo ocultar flags ou fanart -->
				<posy>30</posy>
				<visible>!Control.IsVisible(57) + [SubString(skin.string(mediaflags),on) | SubString(skin.string(mediaflags),auto) + Control.IsVisible(9921)]</visible>
				<include>Animation_HiddenView</include>
				<control type="image"><!-- Barra do rodape -->
					<posx>0</posx>
					<posy>510</posy>
					<width>1280</width>
					<height>180</height>
					<colordiffuse>$VAR[value_flagsbar]</colordiffuse>
					<texture>shadow_mask.png</texture>
				</control>
				<control type="image">
					<posx>0</posx>
					<posy>510</posy>
					<width>1280</width>
					<height>180</height>
					<colordiffuse>$VAR[value_texturecolor]</colordiffuse>
					<texture diffuse="shadow_mask.png">shadow_spot.png</texture>
					<animation effect="fade" end="85" condition="true">Conditional</animation>
				</control>
				<control type="group">
					<animation effect="slide" start="0,300" end="0,0"  time="500" tween="sine" easing="out">WindowOpen</animation>
					<animation effect="slide" start="0,300" end="0,0"  time="500" tween="sine" easing="out">Visible</animation>
					<animation effect="fade" start="100" end="0" time="200">Hidden</animation>
					<visible>!Skin.HasSetting(nomediaflags)</visible>
					<control type="grouplist"><!-- Etiquetas -->
						<posx>20</posx>
						<posy>645</posy>
						<orientation>horizontal</orientation>
						<itemgap>26</itemgap>
						<control type="image"><!-- Mpaa -->
							<include>FlagImage</include>
							<texture>$VAR[value_mpaa]</texture>
							<visible>!IsEmpty(ListItem.Mpaa)</visible>
						</control>
						<control type="image">
							<include>FlagSeparator</include>
							<visible>!IsEmpty(ListItem.Mpaa)</visible>
						</control>
						<control type="group"><!-- Rating -->
							<visible>!IsEmpty(ListItem.Rating)</visible>
							<control type="image">
								<posx>5</posx>
								<include>FlagImage</include>
								<texture>flags/rating.png</texture>
							</control>
							<control type="label">
								<posx>13</posx>
								<posy>1.5</posy>
								<width>89</width>
								<height>50</height>
								<align>center</align>
								<aligny>center</aligny>
								<font>Font_20B</font>
								<textcolor>$VAR[value_flagscolor]</textcolor>
								<fadetime>FanartCrossFadeTime</fadetime>
								<label>$INFO[ListItem.Rating]</label>
							</control>
							<control type="image">
								<posx>125</posx>
								<include>FlagSeparator</include>
							</control>
						</control>
						<control type="image"><!-- Codec -->
							<include>FlagImage</include>
							<texture>$VAR[value_videocodec]</texture>
							<visible>!IsEmpty(ListItem.VideoCodec)</visible>
						</control>
						<control type="image">
							<include>FlagSeparator</include>
							<visible>!IsEmpty(ListItem.VideoCodec)</visible>
						</control>
						<control type="image"><!-- Resolution -->
							<include>FlagImage</include>
							<texture>$INFO[ListItem.VideoResolution,flags/resolution/,.png]</texture>
							<visible>!IsEmpty(ListItem.VideoResolution)</visible>
						</control>
						<control type="image">
							<include>FlagSeparator</include>
							<visible>!IsEmpty(ListItem.VideoResolution)</visible>
						</control>
						<control type="image"><!-- Aspect -->
							<include>FlagImage</include>
							<texture>$INFO[ListItem.VideoAspect,flags/aspectratio/,.png]</texture>
							<visible>!IsEmpty(ListItem.VideoAspect)</visible>
						</control>
						<control type="image">
							<include>FlagSeparator</include>
							<visible>!IsEmpty(ListItem.VideoAspect)</visible>
						</control>
						<control type="image"><!-- Audio Codec -->
							<include>FlagImage</include>
							<texture>$INFO[ListItem.AudioCodec,flags/audiocodec/,.png]</texture>
							<visible>!IsEmpty(ListItem.AudioCodec)</visible>
						</control>
						<control type="image">
							<include>FlagSeparator</include>
							<visible>!IsEmpty(ListItem.AudioCodec)</visible>
						</control>
						<control type="image"><!-- Channels -->
							<include>FlagImage</include>
							<texture>$INFO[ListItem.AudioChannels,flags/audiochannels/,ch.png]</texture>
							<visible>!IsEmpty(ListItem.AudioChannels)</visible>
						</control>
						<control type="image">
							<include>FlagSeparator</include>
							<visible>!IsEmpty(ListItem.AudioChannels)</visible>
						</control>
						<control type="image"><!-- Trailer -->
							<include>FlagImage</include>
							<texture>flags/trailer.png</texture>
							<visible>!IsEmpty(ListItem.Trailer)</visible>
						</control>
						<control type="image">
							<include>FlagSeparator</include>
							<visible>!IsEmpty(ListItem.Trailer) + !StringCompare(ListItem.PercentPlayed,0)</visible>
						</control>
						<control type="group"><!-- % Played -->
							<visible>!StringCompare(ListItem.PercentPlayed,0)</visible>
							<control type="image">
								<include>FlagImage</include>
								<texture>flags/percentplayed.png</texture>
							</control>
							<control type="label">
								<posx>12</posx>
								<posy>1.5</posy>
								<width>89</width>
								<height>50</height>
								<align>center</align>
								<aligny>center</aligny>
								<font>Font_20B</font>
								<textcolor>$VAR[value_flagscolor]</textcolor>
								<fadetime>FanartCrossFadeTime</fadetime>
								<label>$INFO[ListItem.PercentPlayed]%</label>
							</control>
						</control>
					</control>
					<control type="image">
						<posx>0</posx>
						<posy>650</posy>
						<height>42</height>
						<width>1280</width>
						<texture>gradient_small.png</texture>
					</control>
				</control>
			</control>
			<control type="group"><!-- Title/air date -->
				<posy>-15</posy>
				<animation effect="slide" time="400" start="0,-250" end="0,0" easing="inout" tween="cubic">WindowOpen</animation>
				<animation effect="slide" time="400" start="0,-250" end="0,0" easing="inout" tween="cubic">Visible</animation>
				<animation effect="slide" time="400" start="0,0" end="0,-250" easing="inout" tween="cubic">WindowClose</animation>
				<animation effect="slide" time="400" start="0,0" end="0,-250" easing="inout" tween="cubic">Hidden</animation>
				<animation effect="slide" end="0,-20" time="500" tween="sine" easing="out" condition="![Skin.HasSetting(videoinfobar) | Skin.HasSetting(videodate)]">Conditional</animation>
				<visible>[Control.IsVisible(52) | Control.IsVisible(53) | Control.IsVisible(54) | Control.IsVisible(56) | Control.IsVisible(58) | Control.IsVisible(60) | Control.IsVisible(61) | Control.IsVisible(62) | Control.IsVisible(63) | Control.IsVisible(64) | Control.IsVisible(65) | Control.IsVisible(66) | Control.IsVisible(67) | Control.IsVisible(68)] + ![ControlGroup(9000).HasFocus | Control.HasFocus(9920) | Control.IsVisible(9922) | Control.HasFocus(9940) | Window.IsActive(2003)]</visible>
				<control type="image">
					<posx>0</posx>
					<posy>60</posy>
					<width>1280</width>
					<height>240</height>
					<texture flipy="true">shadow_mask.png</texture>
					<colordiffuse>F9000000</colordiffuse>
					<animation effect="fade" end="75" condition="true">Conditional</animation>
				</control>
				<control type="group">
					<visible>!IsEmpty(Window(2003).Property(AudioLanguage.1))</visible>
					<control type="label"><!-- Title -->
						<posx>30</posx>
						<posy>48</posy>
						<width>750</width>
						<height>40</height>
						<font>Font_40</font>
						<label>$VAR[value_videotitle] - $INFO[ListItem.StartDate]/$INFO[ListItem.StartTime]</label>
						<textcolor>FFFFFAF0</textcolor>
						<scroll>true</scroll>
						<scrollout>false</scrollout>
						<shadowcolor>grey</shadowcolor>
						<visible>![Skin.HasSetting(clearlogotitle) + !IsEmpty(ListItem.Art(clearlogo))]</visible>
					</control>
					<control type="image"><!-- clearlogo -->
						<posx>30</posx>
						<posy>48</posy>
						<width>300</width>
						<height>45</height>
						<texture background="true">$INFO[ListItem.Art(clearlogo)]</texture>
						<aspectratio align="left" aligny="bottom">keep</aspectratio>
						<fadetime>FanartCrossFadeTime</fadetime>
						<visible>Skin.HasSetting(clearlogotitle) + !IsEmpty(ListItem.Art(clearlogo))</visible>
					</control>
					<control type="label"><!-- air date -->
						<posx>30</posx>
						<posy>95</posy>
						<width>750</width>
						<height>25</height>
						<font>Font_21</font>
						<label>$INFO[ListItem.StartDate]/$INFO[ListItem.StartTime]</label>
						<textcolor>90FFFFFF</textcolor>
						<scroll>true</scroll>
						<scrollout>false</scrollout>
						<shadowcolor>grey</shadowcolor>
					</control>
				</control>
				<control type="group">
					<visible>IsEmpty(Window(2003).Property(AudioLanguage.1))</visible>
					<control type="label"><!-- Title -->
						<posx>30</posx>
						<posy>48</posy>
						<width>1100</width>
						<height>40</height>
						<font>Font_40</font>
						<label>$VAR[value_videotitle]</label>
						<textcolor>FFFFFAF0</textcolor>
						<scroll>true</scroll>
						<scrollout>false</scrollout>
						<shadowcolor>grey</shadowcolor>
						<visible>![Skin.HasSetting(clearlogotitle) + !IsEmpty(ListItem.Art(clearlogo))]</visible>
					</control>
					<control type="image"><!-- clearlogo -->
						<posx>30</posx>
						<posy>48</posy>
						<width>300</width>
						<height>45</height>
						<texture background="true">$INFO[ListItem.Art(clearlogo)]</texture>
						<aspectratio align="left" aligny="bottom">keep</aspectratio>
						<fadetime>FanartCrossFadeTime</fadetime>
						<visible>Skin.HasSetting(clearlogotitle) + !IsEmpty(ListItem.Art(clearlogo))</visible>
					</control>
					<control type="label"><!-- air date -->
						<posx>30</posx>
						<posy>95</posy>
						<width>750</width>
						<height>25</height>
						<font>Font_21</font>
						<label>$INFO[ListItem.StartDate]</label>
						<textcolor>90FFFFFF</textcolor>
						<scroll>true</scroll>
						<scrollout>false</scrollout>
						<shadowcolor>grey</shadowcolor>
					</control>
				</control>
			</control>
			<control type="group"><!-- Linguagem de audio e legendas/Language for audio and subtitles -->
				<animation effect="slide" time="400" start="0,-250" end="0,0" easing="inout" tween="cubic">WindowOpen</animation>
				<animation effect="slide" time="400" start="0,-250" end="0,0" easing="inout" tween="cubic">Visible</animation>
				<animation effect="slide" time="400" start="0,0" end="0,-250" easing="inout" tween="cubic">WindowClose</animation>
				<animation effect="slide" time="400" start="0,0" end="0,-250" easing="inout" tween="cubic">Hidden</animation>
				<animation effect="slide" end="-780,0" time="0" condition="Control.IsVisible(55)">Conditional</animation>
				<animation effect="slide" end="-450,0" time="0" condition="Control.IsVisible(57)">Conditional</animation>
				<animation effect="slide" end="-780,0" time="0" condition="Control.IsVisible(59)">Conditional</animation>
				<animation effect="slide" end="0,-20" time="500" tween="sine" easing="out" condition="![Skin.HasSetting(videoinfobar) | Skin.HasSetting(videodate)]">Conditional</animation>
				<visible>![Skin.HasSetting(nolanguageflags) | StringCompare(ListItem.Label,..) | IsEmpty(Window(2003).Property(AudioLanguage.1)) + IsEmpty(Window(2003).Property(SubtitleLanguage.1)) | Control.IsVisible(51) | Control.HasFocus(9920) | Control.HasFocus(9940) | Control.IsVisible(9922) | Window.IsActive(2003)]</visible>
				<posx>810</posx>
				<posy>35</posy>
				<include>AudioandSub</include>
			</control>

			<!-- **********************ViewTypes (Helix 6.1.4) wide view ************* -->
			<control type="group"><!-- default view group Wide View 51-->
				<animation effect="fade" time="400">VisibleChange</animation>
				<visible>Control.IsVisible(51)</visible>
				<control type="group">
					<animation effect="slide" time="500" start="-800,0" end="0,0" tween="cubic" easing="out">WindowOpen</animation>
					<animation effect="slide" time="500" start="-800,0" end="0,0" tween="cubic" easing="out">Visible</animation>
					<animation effect="fade" time="200" start="100" end="0">Hidden</animation>
					<control type="image">
						<posx>0</posx>
						<posy>36</posy>
						<width>640</width>
						<height>30</height>
						<texture>shadow_h.png</texture>
						<colordiffuse>C3FFFFFF</colordiffuse>
					</control>
					<control type="image">
						<posx>0</posx>
						<posy>650</posy>
						<width>1280</width>
						<height>30</height>
						<texture flipy="true">shadow_h.png</texture>
						<colordiffuse>C3FFFFFF</colordiffuse>
					</control>
					<control type="image">
						<posx>0</posx>
						<posy>65</posy>
						<width>640</width>
						<height>585</height>
						<texture>darkgrey.png</texture>
						<colordiffuse>$VAR[value_texturecolor]</colordiffuse>
						<animation effect="fade" end="95" condition="true">Conditional</animation>
					</control>
					<control type="image">
						<posx>460</posx>
						<posy>65</posy>
						<width>160</width>
						<height>584</height>
						<texture>grey.png</texture>
						<colordiffuse>20FFFFFF</colordiffuse>
					</control>
					<control type="button" id="562">
						<include>InvisibleButton</include>
						<onright>9920</onright>
						<onleft>51</onleft>
						<onup>51</onup>
						<ondown>51</ondown>
					</control>
					<visible>Control.IsVisible(51)</visible>	
					<control type="list" id="51">
						<viewtype label="31813">list</viewtype>
						<posx>0</posx>
						<posy>65</posy>
						<width>640</width>
						<height>584</height>
						<pagecontrol>73</pagecontrol>
						<onleft>73</onleft>
						<onright>562</onright>
						<orientation>vertical</orientation>
						<scrolltime>450</scrolltime>
						<preloaditems>2</preloaditems>
						<itemlayout height="40">
							<control type="image">
								<posx>0</posx>
								<posy>0</posy>
								<width>739</width>
								<height>1</height>
								<texture>line.png</texture>
							</control>
							<control type="label">
								<posx>45</posx>
								<posy>1</posy>
								<width>370</width>
								<height>40</height>
								<font>Font_22</font>
								<aligny>center</aligny>
								<include>listcolor</include>
								<label>$INFO[ListItem.Label]</label>
							</control>
							<control type="label">
								<posx>460</posx>
								<posy>0</posy>
								<width>160</width>
								<height>40</height>
								<font>Font_18A</font>
								<align>center</align>
								<aligny>center</aligny>
								<include>detailcolor</include>
								<label>$INFO[ListItem.Date]</label>
							</control>
							<control type="image">
								<posx>580</posx>
								<posy>2</posy>
								<width>60</width>
								<height>37</height>
								<texture>$VAR[value_watchedstyle]</texture>
								<colordiffuse>$VAR[value_watchedcolor]</colordiffuse>
								<visible>!Skin.HasSetting(nooverlays) + StringCompare(ListItem.Overlay,OverlayWatched.png)</visible>
							</control>
						</itemlayout>
						<focusedlayout height="40">
							<control type="image">
								<posx>0</posx>
								<posy>0</posy>
								<width>640</width>
								<height>40</height>
								<texture>settings_button_focus.png</texture>
								<animation effect="fade" start="100" end="30" time="0" condition="!Control.Hasfocus(51)">conditional</animation>
							</control>
							<control type="label">
								<posx>45</posx>
								<posy>1</posy>
								<width>370</width>
								<height>40</height>
								<font>Font_22</font>
								<aligny>center</aligny>
								<include>listcolorfocus</include>
								<label>$INFO[ListItem.Label]</label>
							</control>
							<control type="label">
								<posx>460</posx>
								<posy>0</posy>
								<width>160</width>
								<height>40</height>
								<font>Font_18A</font>
								<align>center</align>
								<aligny>center</aligny>
								<include>detailcolorfocus</include>
								<label>$INFO[ListItem.Date]</label>
							</control>
							<control type="image">
								<posx>580</posx>
								<posy>2</posy>
								<width>60</width>
								<height>37</height>
								<texture>$VAR[value_watchedstyle]</texture>
								<colordiffuse>$VAR[value_watchedcolor]</colordiffuse>
								<visible>!Skin.HasSetting(nooverlays) + StringCompare(ListItem.Overlay,OverlayWatched.png)</visible>
							</control>
						</focusedlayout>
					</control>
					<control type="scrollbar" id="73">
						<include>ScrollBar_Vertical</include>
						<posx>5</posx>
						<posy>68</posy>
						<height>580</height>
						<onleft>9900</onleft>
						<onright>51</onright>
						<include>Animation_Fade</include>
						<visible allowhiddenfocus="true">Control.IsVisible(51) + Control.HasFocus(73)</visible>
					</control>
				</control>
				<control type="group"><!-- Grupo da direita/right group -->
					<posx>640</posx>
					<posy>0</posy>
					<animation effect="slide" time="1000" start="600,0" end="0,0" tween="cubic" easing="out">WindowOpen</animation>
					<animation effect="slide" time="1000" start="600,0" end="0,0" tween="cubic" easing="out">Visible</animation>
					<animation effect="fade" time="400" start="100" end="0">Hidden</animation>
					<visible>Control.IsVisible(51)</visible>
					<control type="image">
						<posx>-29</posx>
						<posy>-70</posy>
						<width>30</width>
						<height>720</height>
						<texture flipx="true">shadow.png</texture>
						<colordiffuse>C3FFFFFF</colordiffuse>
					</control>
					<control type="image">
						<posx>0</posx>
						<posy>-70</posy>
						<width>640</width>
						<height>720</height>
						<texture>darkgrey.png</texture>
						<colordiffuse>$VAR[value_texturecolor]</colordiffuse>
						<animation effect="fade" end="85" condition="true">Conditional</animation>
					</control>
					<control type="image">
						<posx>0</posx>
						<posy>396</posy>
						<width>640</width>
						<height>254</height>
						<texture>darkgrey.png</texture>
						<colordiffuse>$VAR[value_texturecolor]</colordiffuse>
						<animation effect="fade" end="85" condition="true">Conditional</animation>
						<include>Animation_Fade</include>
						<visible>!Control.HasFocus(562)</visible>
					</control>
					<control type="image">
						<posx>0</posx>
						<posy>-70</posy>
						<width>640</width>
						<height>720</height>
						<texture>black.png</texture>
						<colordiffuse>75FFFFFF</colordiffuse>
						<include>Animation_Fade</include>
						<visible>Control.HasFocus(562)</visible>
					</control>
					<control type="group"><!-- Grupo das artes -->
						<animation effect="slide" start="0,0" end="700,0" time="400" easing="inout" tween="cubic" condition="Control.HasFocus(9920) | Window.IsVisible(PVRRecordingInfo)">Conditional</animation>
						<control type="group"><!-- VIDEOS -->
							<include>Animation_Fade</include>
							<control type="image"><!-- reflexo -->
								<posx>20</posx>
								<posy>401</posy>
								<width>600</width>
								<height>367</height>
								<fadetime>FanartCrossFadeTime</fadetime>
								<aspectratio align="center" aligny="top">keep</aspectratio>
								<texture flipy="true" fallback="special://skin/backgrounds/default.jpg" diffuse="thumb_reflect.png" background="true">$INFO[ListItem.Icon]</texture>
								<bordertexture flipy="true" diffuse="thumb_reflect.png" border="-2">black.png</bordertexture>
							</control>
							<control type="image"><!-- miniatura -->
								<posx>20</posx>
								<posy>30</posy>
								<width>600</width>
								<height>367</height>
								<fadetime>FanartCrossFadeTime</fadetime>
								<aspectratio align="center" aligny="bottom">keep</aspectratio>
								<texture fallback="special://skin/backgrounds/default.jpg" background="true">$INFO[ListItem.Icon]</texture>
								<bordertexture border="-2">black.png</bordertexture>
							</control>
						</control>
						<control type="textbox">
							<posx>20</posx>
							<posy>410</posy>
							<width>600</width>
							<height>235</height>
							<label>$INFO[ListItem.Plot]</label>
							<textcolor>FFFFFAF0</textcolor>
							<font>Font_18A</font>
							<autoscroll delay="20000" time="3000" repeat="20000">!Skin.HasSetting(noallowscroll)</autoscroll>
						</control>
						<control type="image">
							<posx>0</posx>
							<posy>573</posy>
							<width>640</width>
							<height>77</height>
							<texture>gradient_small.png</texture>
						</control>	
					</control>
				</control>
			</control>
			<!-- end Wide View 51 -->

			<include condition="Skin.HasSetting(viewposter_recordings)">ViewPoster</include><!-- 54 -->
			<include condition="Skin.HasSetting(viewlowlist_recordings)">ViewLowList</include><!-- 55-->
			<include condition="Skin.HasSetting(viewwall_recordings)">ViewWallVideo</include><!-- 56 -->
			<include condition="Skin.HasSetting(viewglasslist_recordings)">ViewGlassList</include><!-- 57 -->
			<include condition="Skin.HasSetting(viewrightlist_recordings)">ViewRightList</include><!-- 59 -->
			<include condition="Skin.HasSetting(viewpanel_recordings)">ViewPanel</include>  <!--  62 -->
			<!-- Furniture -->
			<control type="group"><!-- recording disk space right -->
				<visible>Control.IsVisible(51) | Control.IsVisible(54) | Control.Isvisible(55) | Control.IsVisible(59)</visible>
				<control type="label">
					<description>Disk usage text</description>
					<posx>950</posx>
					<posy>620</posy>
					<width>290</width>
					<height>20</height>
					<label>[UPPERCASE]$INFO[PVR.backenddiskspace][/UPPERCASE]</label>
					<align>center</align>
					<aligny>center</aligny>
					<textcolor>FFFFFAF0</textcolor>
					<font>Font_18A</font>
					<visible>!IntegerGreaterThan(PVR.backenddiskspaceprogr,100)</visible>
				</control>
				<control type="progress">
					<description>Disk usage bar</description>
					<posx>950</posx>
					<posy>645</posy>
					<width>290</width>
					<height>12</height>>
					<info>PVR.backenddiskspaceprogr</info>
					<visible>!IntegerGreaterThan(PVR.backenddiskspaceprogr,100)</visible>
				</control>
			</control>
			<control type="group"><!-- recording disk space left -->
				<visible>Control.IsVisible(56) | Control.IsVisible(57) | Control.IsVisible(62)</visible>
				<control type="label">
					<description>Disk usage text</description>
					<posx>5</posx>
					<posy>620</posy>
					<width>290</width>
					<height>20</height>
					<label>[UPPERCASE]$INFO[PVR.backenddiskspace][/UPPERCASE]</label>
					<align>center</align>
					<aligny>center</aligny>
					<textcolor>FFFFFAF0</textcolor>
					<font>Font_18A</font>
					<visible>!IntegerGreaterThan(PVR.backenddiskspaceprogr,100)</visible>
				</control>
				<control type="progress">
					<description>Disk usage bar</description>
					<posx>5</posx>
					<posy>645</posy>
					<width>290</width>
					<height>12</height>>
					<info>PVR.backenddiskspaceprogr</info>
					<visible>!IntegerGreaterThan(PVR.backenddiskspaceprogr,100)</visible>
				</control>
			</control>
			<include>TouchScreen</include>
			<include condition="Skin.HasSetting(pvrdate)">TopDate</include>
			<include>TopMenu_PVR</include>
			<include>BGBlack</include>
		</control>
	</controls>
</window>
