<?xml version="1.0" encoding="UTF-8"?>
<!-- Aeon MQ 5 Krypton 9.1.19 -->

<window>
	<controls>	
		<!-- This was the old codecinfo provided in full screen video -->
		<control type="grouplist">
			<left>10</left>
			<top>10</top>
			<visible></visible>
			<control type="label">
				<width>1070</width>
				<height>20</height>
				<aligny>bottom</aligny>
				<label>$INFO[Player.Process(videodecoder),Video Decoder ]  HWDecoder</label>
				<font>Font_18A</font>
				<shadowcolor>black</shadowcolor>
				<visible>Player.HasVideo + Player.Process(videohwdecoder)</visible>					
			</control>
			<control type="label">
				<width>1070</width>
				<height>20</height>
				<aligny>bottom</aligny>
				<label>$INFO[Player.Process(videodecoder),VideoDecoder ]  SWDecoder</label>
				<font>Font_18A</font>
				<shadowcolor>black</shadowcolor>
				<visible>Player.HasVideo + !Player.Process(videohwdecoder)</visible>					
			</control>
			<control type="label">
				<width>1070</width>
				<height>20</height>
				<aligny>bottom</aligny>
				<label>$INFO[Player.Process(pixformat),Pixel Format ]</label>
				<font>Font_18A</font>
				<shadowcolor>black</shadowcolor>
				<visible>Player.HasVideo</visible>					
			</control>
			<control type="label">
				<width>1070</width>
				<height>20</height>
				<aligny>bottom</aligny>
				<label>$INFO[Player.Process(deintmethod),$LOCALIZE[16038]: ]</label>
				<font>Font_18A</font>
				<shadowcolor>black</shadowcolor>
				<visible>Player.HasVideo</visible>					
			</control>
			<control type="label">
				<width>1070</width>
				<height>20</height>
				<aligny>bottom</aligny>
				<label>$INFO[Player.Process(videowidth),$LOCALIZE[38031]: ,x]$INFO[Player.Process(videoheight),, px]$INFO[Player.Process(videodar),$COMMA , AR]$INFO[Player.Process(videofps),$COMMA , FPS]</label>
				<font>Font_18A</font>
				<shadowcolor>black</shadowcolor>
				<visible>Player.HasVideo</visible>					
			</control>
			<control type="label">
				<width>1070</width>
				<height>20</height>
				<aligny>bottom</aligny>
				<label>$LOCALIZE[460]: $INFO[Player.Process(audiochannels),,$COMMA ]$INFO[Player.Process(audiodecoder)]$INFO[Player.Process(audiobitspersample),$COMMA , bits]$INFO[Player.Process(audiosamplerate),$COMMA , Hz]</label>
				<font>Font_18A</font>
				<shadowcolor>black</shadowcolor>
			</control>
			<control type="label">
				<width>1070</width>
				<height>20</height>
				<aligny>bottom</aligny>
				<label>$INFO[System.Memory(used.percent),Memory Used: ,       ]$INFO[System.CpuUsage,$LOCALIZE[13271] ]</label>
				<font>Font_18A</font>
				<shadowcolor>black</shadowcolor>
			</control>
		</control>

		<!--  Addl Live TV data for CodecInfo -->
		<control type="group">
			<visible>VideoPlayer.Content(LiveTV) + system.getbool(pvrplayback.signalquality)</visible>
			<top>170</top>
			<left>10</left>
			<control type="image">
				<description>media info background image</description>
				<left>0</left>
				<top>0</top>
				<width>1280</width>
				<height>220</height>
				<texture>black.png</texture>
				<colordiffuse>C3FFFFFF</colordiffuse>
				<include>Animation_Fade</include>
			</control>
			<control type="label">
				<description>Header</description>
				<left>80</left>
				<top>5</top>
				<width>1200</width>
				<height>25</height>
				<label>$LOCALIZE[19005]</label>
				<align>left</align>
				<aligny>center</aligny>
				<font>Font_18A</font>
				<textcolor>$VAR[value_headercolor]</textcolor>
			</control>
			<control type="label">
				<description>Backend</description>
				<left>80</left>
				<top>40</top>
				<width>165</width>
				<height>25</height>
				<label>$LOCALIZE[19012]:</label>
				<align>left</align>
				<aligny>center</aligny>
				<font>Font_17</font>
				<textcolor>FFFFFAF0</textcolor>
			</control>
			<control type="label">
				<description>Backend value</description>
				<left>220</left>
				<top>40</top>
				<width>1000</width>
				<height>25</height>
				<label>$INFO[PVR.ActStreamClient]</label>
				<align>left</align>
				<aligny>center</aligny>
				<font>Font_17</font>
				<textcolor>white</textcolor>
			</control>
			<control type="label">
				<description>Device</description>
				<left>80</left>
				<top>65</top>
				<width>165</width>
				<height>25</height>
				<label>$LOCALIZE[19006]:</label>
				<align>left</align>
				<aligny>center</aligny>
				<font>Font_17</font>
				<textcolor>FFFFFAF0</textcolor>
			</control>
			<control type="label">
				<description>Device value</description>
				<left>220</left>
				<top>65</top>
				<width>1000</width>
				<height>25</height>
				<label>$INFO[PVR.ActStreamDevice]</label>
				<align>left</align>
				<aligny>center</aligny>
				<font>Font_17</font>
				<textcolor>FFFFFAF0</textcolor>
			</control>
			<control type="label">
				<description>Status</description>
				<left>80</left>
				<top>90</top>
				<width>165</width>
				<height>25</height>
				<label>$LOCALIZE[19007]:</label>
				<align>left</align>
				<aligny>center</aligny>
				<font>Font_17</font>
				<textcolor>FFFFFAF0</textcolor>
			</control>
			<control type="label">
				<description>Status value</description>
				<left>220</left>
				<top>90</top>
				<width>1000</width>
				<height>25</height>
				<label>$INFO[PVR.ActStreamStatus]</label>
				<align>left</align>
				<aligny>center</aligny>
				<font>Font_17</font>
				<textcolor>FFFFFAF0</textcolor>
			</control>
			<control type="label">
				<description>Signal</description>
				<left>80</left>
				<top>115</top>
				<width>165</width>
				<height>25</height>
				<label>$LOCALIZE[19008]:</label>
				<align>left</align>
				<aligny>center</aligny>
				<font>Font_17</font>
				<textcolor>FFFFFAF0</textcolor>
			</control>
			<control type="progress">
				<description>Progressbar</description>
				<left>220</left>
				<top>122</top>
				<width>910</width>
				<height>14</height>
				<info>PVR.ActStreamProgrSignal</info>
			</control>
			<control type="label">
				<description>Signal value</description>
				<left>1200</left>
				<top>115</top>
				<width>180</width>
				<height>25</height>
				<label>$INFO[PVR.ActStreamSignal]</label>
				<align>left</align>
				<aligny>center</aligny>
				<font>Font_17</font>
				<textcolor>FFFFFAF0</textcolor>
			</control>
			<control type="label">
				<description>SNR</description>
				<left>80</left>
				<top>140</top>
				<width>165</width>
				<height>25</height>
				<label>$LOCALIZE[19009]:</label>
				<align>left</align>
				<aligny>center</aligny>
				<font>Font_17</font>
				<textcolor>FFFFFAF0</textcolor>
			</control>
			<control type="progress">
				<description>Progressbar</description>
				<left>220</left>
				<top>147</top>
				<width>910</width>
				<height>14</height>
				<overlaytexture>-</overlaytexture>
				<info>PVR.ActStreamProgrSNR</info>
			</control>
			<control type="label">
				<description>SNR value</description>
				<left>1200</left>
				<top>140</top>
				<width>180</width>
				<height>25</height>
				<label>$INFO[PVR.ActStreamSNR]</label>
				<align>left</align>
				<aligny>center</aligny>
				<font>Font_17</font>
				<textcolor>FFFFFAF0</textcolor>
			</control>
			<control type="label">
				<description>BER</description>
				<left>80</left>
				<top>165</top>
				<width>165</width>
				<height>25</height>
				<label>$LOCALIZE[19010]:</label>
				<align>left</align>
				<aligny>center</aligny>
				<font>Font_17</font>
				<textcolor>FFFFFAF0</textcolor>
			</control>
			<control type="label">
				<description>BER value</description>
				<left>220</left>
				<top>165</top>
				<width>165</width>
				<height>25</height>
				<label>$INFO[PVR.ActStreamBER]</label>
				<align>left</align>
				<aligny>center</aligny>
				<font>Font_17</font>
				<textcolor>FFFFFAF0</textcolor>
			</control>
			<control type="label">
				<description>UNC</description>
				<left>390</left>
				<top>165</top>
				<width>165</width>
				<height>25</height>
				<label>$LOCALIZE[19011]:</label>
				<align>left</align>
				<aligny>center</aligny>
				<font>Font_17</font>
				<textcolor>FFFFFAF0</textcolor>
			</control>
			<control type="label">
				<description>UNC value</description>
				<left>560</left>
				<top>165</top>
				<width>165</width>
				<height>25</height>
				<label>$INFO[PVR.ActStreamUNC]</label>
				<align>left</align>
				<aligny>center</aligny>
				<font>Font_17</font>
				<textcolor>FFFFFAF0</textcolor>
			</control>
			<control type="label">
				<description>Service</description>
				<left>730</left>
				<top>165</top>
				<width>165</width>
				<height>25</height>
				<label>$LOCALIZE[19099]:</label>
				<align>left</align>
				<aligny>center</aligny>
				<font>Font_17</font>
				<textcolor>FFFFFAF0</textcolor>
			</control>
			<control type="label">
				<description>Service value</description>
				<left>900</left>
				<top>165</top>
				<width>330</width>
				<height>25</height>
				<label>$INFO[PVR.ActStreamServiceName]</label>
				<align>left</align>
				<aligny>center</aligny>
				<font>Font_17</font>
				<textcolor>FFFFFAF0</textcolor>
			</control>
			<control type="label">
				<description>Encryption</description>
				<left>80</left>
				<top>190</top>
				<width>165</width>
				<height>25</height>
				<label>$LOCALIZE[19015]:</label>
				<align>left</align>
				<aligny>center</aligny>
				<font>Font_17</font>
				<textcolor>FFFFFAF0</textcolor>
			</control>
			<control type="label">
				<description>Encryption value</description>
				<left>220</left>
				<top>190</top>
				<width>165</width>
				<height>25</height>
				<label>$INFO[PVR.ActStreamEncryptionName]</label>
				<align>left</align>
				<aligny>center</aligny>
				<font>Font_17</font>
				<textcolor>FFFFFAF0</textcolor>
			</control>
			<control type="label">
				<description>Provider</description>
				<left>390</left>
				<top>190</top>
				<width>165</width>
				<height>25</height>
				<label>$LOCALIZE[19101]:</label>
				<align>left</align>
				<aligny>center</aligny>
				<font>Font_17</font>
				<textcolor>FFFFFAF0</textcolor>
			</control>
			<control type="label">
				<description>Provider value</description>
				<left>560</left>
				<top>190</top>
				<width>165</width>
				<height>25</height>
				<label>$INFO[PVR.ActStreamProviderName]</label>
				<align>left</align>
				<aligny>center</aligny>
				<font>Font_17</font>
				<textcolor>FFFFFAF0</textcolor>
			</control>
			<control type="label">
				<description>Mux</description>
				<left>730</left>
				<top>190</top>
				<width>165</width>
				<height>25</height>
				<label>$LOCALIZE[19100]:</label>
				<align>left</align>
				<aligny>center</aligny>
				<font>Font_17</font>
				<textcolor>FFFFFAF0</textcolor>
			</control>
			<control type="label">
				<description>Mux value</description>
				<left>900</left>
				<top>190</top>
				<width>330</width>
				<height>25</height>
				<label>$INFO[PVR.ActStreamMux]</label>
				<align>left</align>
				<aligny>center</aligny>
				<font>Font_17</font>
				<textcolor>FFFFFAF0</textcolor>
			</control>
		</control>
	</controls>
</window>