<?xml version="1.0" encoding="UTF-8"?>
<!-- Aeon MQ 5 Helix 6.1.7 -->
<!-- Jarvis 8.1.13 -->

<window>
	<defaultcontrol always="true">6</defaultcontrol>
	<!-- <allowoverlay>no</allowoverlay> -->
	<controls>
		<control type="image"><!-- Single Fanart -->
			<include>WindowBG</include>
			<texture background="true">$VAR[value_defaultmusicfanart]</texture>
		</control>
		<control type="group"><!-- default group -->
			<include>Animation_Window</include>
			<control type="group"><!-- right group -->
				<posx>50</posx>
				<animation effect="slide" start="600,0" end="0,0" time="1000" tween="cubic" easing="out">WindowOpen</animation>
				<animation effect="slide" start="0,0" end="600,0" time="1000" tween="cubic" easing="out">WindowClose</animation>
				<animation effect="slide" start="800,0" end="0,0" time="1000" tween="cubic" easing="out">Visible</animation>
				<animation effect="fade" start="100" end="0" time="400">Hidden</animation>
				<control type="image">
					<posx>805</posx>
					<posy>46</posy>
					<width>425</width>
					<height>30</height>
					<texture>shadow_h.png</texture>
					<colordiffuse>C3FFFFFF</colordiffuse>
				</control>
				<control type="image">
					<posx>805</posx>
					<posy>75</posy>
					<width>425</width>
					<height>645</height>
					<texture>black.png</texture>
					<colordiffuse>C3FFFFFF</colordiffuse>
				</control>
				<control type="image">
					<posx>805</posx>
					<posy>453</posy>
					<width>425</width>
					<height>268</height>
					<texture>black.png</texture>
					<colordiffuse>90FFFFFF</colordiffuse>
				</control>
				<control type="image">
					<posx>840</posx>
					<posy>95</posy>
					<width>360</width>
					<height>360</height>
					<fadetime>FanartCrossFadeTime</fadetime>
					<texture fallback="DefaultVideoPoster.png" background="true">$INFO[ListItem.Icon]</texture>
					<aspectratio aligny="bottom">keep</aspectratio>
					<bordertexture border="-2">black.png</bordertexture>
				</control>
				<control type="image">
					<posx>840</posx>
					<posy>460</posy>
					<width>360</width>
					<height>360</height>
					<fadetime>FanartCrossFadeTime</fadetime>
					<texture flipy="true" fallback="DefaultVideoPoster.png" diffuse="thumb_reflect.png" background="true">$INFO[ListItem.Icon]</texture>
					<aspectratio aligny="top">keep</aspectratio>
					<bordertexture flipy="true" border="-2" diffuse="thumb_reflect.png">black.png</bordertexture>
				</control>
				<control type="textbox">
					<posx>852</posx>
					<posy>463</posy>
					<width>337</width>
					<height>175</height>
					<font>Font_18A</font>
					<label>[COLOR=$VAR[value_headercolor]]$LOCALIZE[556]: [/COLOR]$INFO[Container(50).ListItem.Title][CR][COLOR=$VAR[value_headercolor]]$LOCALIZE[557]: [/COLOR]$INFO[Container(50).ListItem.Artist][CR][COLOR=$VAR[value_headercolor]]$LOCALIZE[558]: [/COLOR]$INFO[Container(50).ListItem.Album][CR][COLOR=$VAR[value_headercolor]]$LOCALIZE[555]: [/COLOR]$INFO[Container(50).ListItem.Duration][CR][COLOR=$VAR[value_headercolor]]$LOCALIZE[554]: [/COLOR]$INFO[Container(50).ListItem.TrackNumber][CR][COLOR=$VAR[value_headercolor]]$LOCALIZE[515]: [/COLOR]$INFO[Container(50).ListItem.Genre]</label>
					<visible>Control.HasFocus(50)</visible>
				</control>
				<control type="textbox">
					<posx>852</posx>
					<posy>463</posy>
					<width>337</width>
					<height>175</height>
					<font>Font_18A</font>
					<label>[COLOR=$VAR[value_headercolor]]$LOCALIZE[556]: [/COLOR]$INFO[Container(100).ListItem.Title][CR][COLOR=$VAR[value_headercolor]]$LOCALIZE[557]: [/COLOR]$INFO[Container(100).ListItem.Artist][CR][COLOR=$VAR[value_headercolor]]$LOCALIZE[558]: [/COLOR]$INFO[Container(100).ListItem.Album][CR][COLOR=$VAR[value_headercolor]]$LOCALIZE[555]: [/COLOR]$INFO[Container(100).ListItem.Duration][CR][COLOR=$VAR[value_headercolor]]$LOCALIZE[554]: [/COLOR]$INFO[Container(100).ListItem.TrackNumber][CR][COLOR=$VAR[value_headercolor]]$LOCALIZE[515]: [/COLOR]$INFO[Container(100).ListItem.Genre]</label>
					<visible>Control.HasFocus(100)</visible>
				</control>
			</control>

			<control type="group"><!-- left group -->
				<animation effect="slide" time="700" start="-800,0" end="0,0" tween="cubic" easing="out">WindowOpen</animation>
				<animation effect="slide" time="700" start="0,0" end="-800,0" tween="cubic" easing="out">WindowClose</animation>
				<animation effect="slide" time="700" start="-800,0" end="0,0" tween="cubic" easing="out">Visible</animation>
				<animation effect="fade" time="200" start="100" end="0">Hidden</animation>
				<control type="image">
					<posx>0</posx>
					<posy>46</posy>
					<width>855</width>
					<height>30</height>
					<texture>shadow_h.png</texture>
					<colordiffuse>C3FFFFFF</colordiffuse>
				</control>
				<control type="image">
					<posx>855</posx>
					<posy>75</posy>
					<width>30</width>
					<height>645</height>
					<texture>shadow.png</texture>
					<colordiffuse>C3FFFFFF</colordiffuse>
				</control>
				<control type="image">
					<posx>0</posx>
					<posy>75</posy>
					<width>855</width>
					<height>645</height>
					<texture>darkgrey.png</texture>
					<colordiffuse>$VAR[value_texturecolor]</colordiffuse>
					<animation effect="fade" end="95" condition="true">Conditional</animation>
				</control>
				<control type="image">
					<posx>0</posx>
					<posy>75</posy>
					<width>855</width>
					<height>60</height>
					<texture>black.png</texture>
					<colordiffuse>90FFFFFF</colordiffuse>
				</control>
				<control type="label"><!-- header label -->
					<posx>45</posx>
					<posy>91</posy>
					<width>771</width>
					<height>23</height>
					<font>Font_24</font>
					<label>$LOCALIZE[10503]</label>
					<textcolor>80FFFAF0</textcolor>
				</control>
				<control type="list" id="50">
					<viewtype label="31801">list</viewtype>
					<posx>0</posx>
					<posy>158</posy>
					<width>427</width>
					<height>470</height>
					<pagecontrol>30</pagecontrol>
					<onleft>30</onleft>
					<onright>100</onright>
					<orientation>vertical</orientation>
					<scrolltime>450</scrolltime>
					<preloaditems>2</preloaditems>
					<itemlayout height="40">
						<control type="image">
							<posx>10</posx>
							<posy>39</posy>
							<width>427</width>
							<height>1</height>
							<texture>line.png</texture>
						</control>
						<control type="label">
							<posx>45</posx>
							<posy>0</posy>
							<width>360</width>
							<height>41</height>
							<font>Font_22</font>
							<aligny>center</aligny>
							<include>listcolor</include>
							<label>$INFO[ListItem.Label]</label>
						</control>
					</itemlayout>
					<focusedlayout height="40">
						<control type="image">
							<posx>0</posx>
							<posy>0</posy>
							<width>427</width>
							<height>41</height>
							<texture>settings_button_focus.png</texture>
							<animation effect="fade" start="100" end="30" time="0" condition="!Control.Hasfocus(50)">conditional</animation>
						</control>
						<control type="label">
							<posx>45</posx>
							<posy>0</posy>
							<width>360</width>
							<height>41</height>
							<font>Font_24A</font>
							<aligny>center</aligny>
							<include>listcolorfocus</include>
							<label>$INFO[ListItem.Label]</label>
						</control>
					</focusedlayout>
				</control>
				<control type="scrollbar" id="30">
					<include>ScrollBar_Vertical</include>
					<posx>5</posx>
					<posy>158</posy>
					<height>470</height>
					<onleft>6</onleft>
					<onright>50</onright>
					<include>Animation_Fade</include>
					<visible allowhiddenfocus="true">Control.HasFocus(30) | Control.HasFocus(50)</visible>
				</control>
				<control type="list" id="100">
					<viewtype label="31801">list</viewtype>
					<posx>427</posx>
					<posy>158</posy>
					<width>427</width>
					<height>470</height>
					<pagecontrol>31</pagecontrol>
					<onleft>31</onleft>
					<onright>6</onright>
					<orientation>vertical</orientation>
					<scrolltime>450</scrolltime>
					<preloaditems>2</preloaditems>
					<itemlayout height="40">
						<control type="image">
							<posx>10</posx>
							<posy>39</posy>
							<width>427</width>
							<height>1</height>
							<texture>line.png</texture>
						</control>
						<control type="label">
							<posx>45</posx>
							<posy>0</posy>
							<width>360</width>
							<height>41</height>
							<font>Font_22</font>
							<aligny>center</aligny>
							<include>listcolor</include>
							<label>$INFO[ListItem.Label]</label>
						</control>
					</itemlayout>
					<focusedlayout height="40">
						<control type="image">
							<posx>0</posx>
							<posy>0</posy>
							<width>427</width>
							<height>41</height>
							<texture>settings_button_focus.png</texture>
							<animation effect="fade" start="100" end="50" time="0" condition="!Control.Hasfocus(100)">conditional</animation>
						</control>
						<control type="label">
							<posx>45</posx>
							<posy>0</posy>
							<width>360</width>
							<height>41</height>
							<font>Font_24A</font>
							<aligny>center</aligny>
							<include>listcolorfocus</include>
							<label>$INFO[ListItem.Label]</label>
						</control>
					</focusedlayout>
				</control>
				<control type="scrollbar" id="31">
					<include>ScrollBar_Vertical</include>
					<posx>434</posx>
					<posy>158</posy>
					<height>470</height>
					<onleft>50</onleft>
					<onright>100</onright>
					<include>Animation_Fade</include>
					<visible allowhiddenfocus="true">Control.HasFocus(31) | Control.HasFocus(100)</visible>
				</control>
				<control type="image">
					<posx>427</posx>
					<posy>135</posy>
					<width>2</width>
					<height>585</height>
					<texture>separator_v.png</texture>
				</control>
			</control>
			<control type="group">
				<animation effect="slide" start="0,70" end="0,0" time="500" delay="1000" easing="inout" tween="cubic">WindowOpen</animation>
				<animation effect="slide" start="0,70" end="0,0" time="500" delay="1000" easing="inout" tween="cubic">Visible</animation>
				<animation effect="slide" start="0,0" end="0,70" time="300" easing="inout" tween="cubic">WindowClose</animation>
				<animation effect="slide" start="0,0" end="0,70" time="300" easing="inout" tween="cubic">Hidden</animation>
				<control type="image">
					<posx>0</posx>
					<posy>651</posy>
					<width>1280</width>
					<height>30</height>
					<texture>shadow_h.png</texture>
					<colordiffuse>C3FFFFFF</colordiffuse>
				</control>
				<control type="image">
					<posx>0</posx>
					<posy>678</posy>
					<height>42</height>
					<width>1280</width>
					<aligny>top</aligny>
					<texture>black.png</texture>
					<colordiffuse>C3FFFFFF</colordiffuse>
				</control>
				<control type="image">
					<posx>0</posx>
					<posy>680</posy>
					<height>40</height>
					<width>1280</width>
					<aligny>top</aligny>
					<texture>black.png</texture>
					<colordiffuse>90FFFFFF</colordiffuse>
				</control>
				<control type="grouplist" id="9001">
					<posx>145</posx>
					<posy>680</posy>
					<itemgap>0</itemgap>
					<onup>50</onup>
					<ondown>50</ondown>
					<orientation>horizontal</orientation>
					<control type="button" id="6"><!-- Abrir Playlist -->
						<include>SettingsBottomButton</include>
						<label>21385</label>
					</control>
					<control type="button" id="7"><!-- Salvar Playlist -->
						<include>SettingsBottomButton</include>
						<label>190</label>
					</control>
					<control type="button" id="8"><!-- Fechar Playlist -->
						<include>SettingsBottomButton</include>
						<label>[UPPERCASE]$LOCALIZE[192][/UPPERCASE]</label>
					</control>
				</control>
			</control>
		</control>
	</controls>
</window>