<?xml version="1.0" encoding="UTF-8" standalone="yes"?>
<addon id="resource.images.skinstyles.aeonmq5" name="Skin Styles - Aeon MQ" version="9.2.0" provider-name="MarcosQui">
	<extension point="kodi.resource.images" compile="false" type="skinstyles" />
	<requires>
		<import addon="kodi.resource" version="1.0.0"/>
	</requires>
	<extension point="xbmc.addon.metadata">
		<summary lang="en">Styles for skin Aeon MQ 5</summary>
		<description lang="en">Compatible with skin Aeon MQ 5</description>	
		<platform>all</platform>
	</extension>
</addon>
