﻿<?xml version="1.0" encoding="UTF-8"?>
<addon id="skin.aeonmq5" version="9.2.2" name="Aeon MQ 5 Kryptonmod" provider-name="MarcosQui">
	<requires>
		<import addon="xbmc.gui" version="5.12.0"/>
		<import addon="script.favourites" version="4.0.4"/>
		<import addon="script.artwork.downloader" version="12.0.11"/>
		<import addon="script.randomandlastitems" version="2.0.3"/>
		<import addon="script.games.rom.collection.browser" version="2.1.2"/>
		<import addon="script.artistslideshow" version="1.4.6"/>
		<import addon="script.tv.show.next.aired" version="6.0.10"/>
		<import addon="service.skin.widgets" version="0.0.19"/>
		<import addon="script.cu.lrclyrics" version="1.0.1"/>
		<import addon="script.globalsearch" version="1.1.1"/>
		<import addon="script.toolbox" version="1.0.1"/>
		<import addon="script.image.resource.select" version="0.0.5"/>
		<import addon="script.playalbum" version="0.0.2"/>
	</requires>
	<extension point="xbmc.gui.skin"  effectslowdown="0.75" debugging="false">
		<res width="1280" height="720" aspect="16:9" default="true" folder="720p"/>
	</extension>
	<extension point="xbmc.addon.metadata">
		<summary lang="en">Aeon MQ 5 Kryptonmod, improved, more light and more powerful than ever.</summary>
		<summary lang="pt_br">Aeon MQ 5 Kryptonmod, melhorada, mais leve e mais poderosa do que nunca.</summary>
		<summary lang="pt">Aeon MQ 5 Kryptonmod, melhorada, mais leve e mais poderosa do que nunca.</summary>
		<summary lang="el">Aeon MQ 5 Kryptonmod, βελτιωμένο, πιο ελαφρύ και πιο ισχυρό από ποτέ.</summary>
		<summary lang="en">Aeon MQ 5 Kryptonmod, improved, more light and more powerful than ever.</summary>
		<summary lang="es">Aeon MQ 5 Kryptonmod, mejor, más ligero y más potente que nunca</summary>
		<summary lang="es_AR">Aeon MQ 5 Kryptonmod, mejor, más ligero y más potente que nunca</summary>
		<summary lang="es_MX">Aeon MQ 5 Kryptonmod, mejor, más ligero y más potente que nunca</summary>
		<summary lang="fi">Aeon MQ 5 Kryptonmod, kehittyneempi, kevyempi ja tehokkaampi kuin koskaan aikaisemmin.</summary>
		<summary lang="fr">Aeon MQ 5 Kryptonmod, amélioré, plus léger et plus puissant que jamais.</summary>	
		<summary lang="it">Aeon MQ 5 Kryptonmod, migliore, più leggero e più potente che mai.</summary>	
		<summary lang="ja">Aeon MQ 5 Kryptonmod。更に優れた、更に軽く、更にパワフル。</summary>	
		<summary lang="ko">더욱 가볍게 더욱 강력하게 개선된 Aeon MQ5.</summary>	
		<summary lang="nl">Aeon MQ 5 Kryptonmod, verbeterd, lichter en krachtiger dan ooit.</summary>
		<summary lang="pl">Aeon  MQ 5, ulepszona, jeszcze lżejsza i potężniejsza niż kiedykolwiek wcześniej.</summary>
		<summary lang="pt_br">Aeon MQ 5 Kryptonmod, melhorada, mais leve e mais poderosa do que nunca.</summary>
		<summary lang="ru">Aeon MQ 5 Kryptonmod, улучшенный, более легкий и мощный чем когда-либо.</summary>
		<summary lang="sv">Aeon MQ 5 Kryptonmod, förbättrat, lättare och kraftfullare än någonsin.</summary>
		<summary lang="th">Aeon MQ 5 Kryptonmod, พัฒนาขึ้น, เบาและมีประสิทธิภาพยิ่งขึ้นกว่าแต่ก่อน.</summary>
		<description lang="en">The traditional Aeon MQ reaches its fifth edition.[CR]Reformulated, very simple to use, with a new code that provides a lightweight and powerful skin.[CR]The Aeon MQ 5 Kryptonmod incorporates new features such as REPLACE which takes the main menu's level of customization to something never seen before.[CR]Aeon MQ 5 Kryptonmod, you've never seen a skin like this.</description>
		<description lang="pt_br">A tradicional Aeon MQ chega a sua quinta edição.[CR]Reformulada, muito simples de usar, com um código novo que proporciona uma skin leve e poderosa.[CR]A Aeon MQ 5 Kryptonmod incorpora novos recursos como o SUBSTITUIR que leva o nível de customização do menu principal a algo nunca antes visto.[CR]Aeon MQ 5 Kryptonmod, você nunca viu uma skin assim.</description>
		<description lang="pt">A tradicional Aeon MQ chega a sua quinta edição.[CR]Reformulada, muito simples de usar, com um código novo que proporciona uma skin leve e poderosa.[CR]A Aeon MQ 5 Kryptonmod incorpora novos recursos como o SUBSTITUIR que leva o nível de customização do menu principal a algo nunca antes visto.[CR]Aeon MQ 5 Kryptonmod, você nunca viu uma skin assim.</description>
		<description lang="el">Το κλασικό Aeon MQ έφτασε στην πέμπτη έκδοσή του.[CR]Γραμμένο ξανά από τη βάση, πολύ απλό στη χρήση, με έναν νέο κώδικα που προσφέρει ένα ελαφρύ και ισχυρό κέλυφος.[CR]Το Aeon MQ 5 Kryptonmod ενσωματώνει νέες λειτουργίες όπως η ΑΝΤΙΚΑΤΑΣΤΑΣΗ, και ανυψώνει την προσαρμοστικότητα του κεντρικού μενού σε νέα επίπεδα.[CR]Aeon MQ 5 Kryptonmod, δεν έχετε ξαναδεί τέτοιο κέλυφος.</description>
		<description lang="en">The traditional Aeon MQ reaches its fifth edition.[CR]Reformulated, very simple to use, with a new code that provides a lightweight and powerful skin.[CR]The Aeon MQ 5 Kryptonmod incorporates new features such as REPLACE which takes the main menu's level of customization to something never seen before.[CR]Aeon MQ 5 Kryptonmod, you've never seen a skin like this.</description>
		<description lang="es">El tradicional Aeon MQ llega a su quinta edición.[CR]reformulada, muy sencillo de usar, con un nuevo código que proporciona un skin más ligero y potente.[CR]El Aeon MQ 5 Kryptonmod incorpora nuevas funciones como REPLACE que permite  personalizar el menú principal a un nivel nunca visto antes.[CR]Aeon MQ 5 Kryptonmod,  nunca has visto un skin tan bueno.</description>
		<description lang="es_AR">El tradicional Aeon MQ llega a su quinta edición.[CR]reformulada, muy sencillo de usar, con un nuevo código que proporciona un skin más ligero y potente.[CR]El Aeon MQ 5 Kryptonmod incorpora nuevas funciones como REPLACE que permite  personalizar el menú principal a un nivel nunca visto antes.[CR]Aeon MQ 5 Kryptonmod,  nunca has visto un skin tan bueno.</description>
		<description lang="es_MX">El tradicional Aeon MQ llega a su quinta edición.[CR]reformulada, muy sencillo de usar, con un nuevo código que proporciona un skin más ligero y potente.[CR]El Aeon MQ 5 Kryptonmod incorpora nuevas funciones como REPLACE que permite  personalizar el menú principal a un nivel nunca visto antes.[CR]Aeon MQ 5 Kryptonmod,  nunca has visto un skin tan bueno.</description>
		<description lang="fi">Perinteinen Aeon MQ on saavuttanut viidennen versionsa.[CR]Uudelleen suunniteltu ja helppokäyttöinen ulkoasu on uuden koodin myötä kevyt ja tehokas.[CR]Aeon MQ 5 Kryptonmod sisältää uusia ominaisuuksia, kuten KORVAUS, joka vie päävalikon mukauttamisen aivan uudelle tasolle.[CR]Aeon MQ 5 Kryptonmod, et ole koskaan aistinut ulkoasua näin hyvin.</description>
		<description lang="fr">Le  traditionnel Aeon MQ atteint sa cinquième édition.[CR]Nouvelle formule, très simple à utiliser, avec un nouveau code qui permet un thème léger et puissant.[CR]Aeon MQ 5 Kryptonmod intègre de nouvelles fonctionnalités telles que REMPLACER et porte le niveau de personnalisation du menu principal à un niveau jamais vu auparavant.[CR]Aeon MQ 5 Kryptonmod, vous n'avez jamais vu un thème comme celui-là.</description>
		<description lang="it">Il tradizionale Aeon MQ raggiunge la sua quinta edizione.[CR]Riformulata, molto semplice da usare, con un nuovo codice che fornisce una skin leggera e potente.[CR]L' Aeon MQ 5 Kryptonmod incorpora nuove caratteristiche come SOSTITUISCI questo rende il livello di personalizzare nel menu principale qualcosa di mai visto prima.[CR] Aeon MQ 5 Kryptonmod, non hai mai visto una skin migliore.</description>
		<description lang="ko">전통의 Aeon MQ가 다섯번째 판에 이르렀습니다.[CR]가벼우면서도 강력한 기능을 제공하는 새로운 코드로 사용하기에 매우 간편하게 다시 만들어졌습니다.[CR]Aeon MQ5는 지금까지 한 번도 본적 없는 메인메뉴 바꾸기 같은 새로운 기능을 포함합니다.[CR]Seon MQ 5, 한 번도 보지 못했던 스킨입니다.전통의 Aeon MQ가 다섯번째 판에 이르렀습니다.[CR]가벼우면서도 강력한 기능을 제공하는 새로운 코드로 사용하기에 매우 간편하게 다시 만들어졌습니다.[CR]Aeon MQ5는 지금까지 한 번도 본적 없는 메인메뉴 바꾸기 같은 새로운 기능을 포함합니다.[CR]Seon MQ 5, 한 번도 보지 못했던 스킨입니다.</description>
		<description lang="nl">De traditionele Aeon MQ bereikt zijn vijfde editie.[CR]Hercodeerd, makkelijk in gebruik, met een code zorgt voor een snelle, sterke skin.[CR]De Aeon MQ5 bevat nieuwe eigenschappen zoals VERVANGEN brengt de aanpasbaarheid van het hoofdmenu tot ongekende hoogtes.[CR]Aeon MQ 5 Kryptonmod, je hebt nog nooit zo'n goede skin gezien.</description>
		<description lang="pl">Tradycyjny Aeon MQ doczekał się piątej edycji.[CR]Przebudowany, łatwy do użycia, z nowym kodem, którego wynikiem jest lekka i potężna skóra.[CR]Aeon MQ5 oferuje nowe funkcje takie jak ZAMIANA, które umożliwiają dostosowywanie głównego menu do nieznanego wcześniej poziomu.[CR]Aeon MQ 5 Kryptonmod, nigdy nie widziałeś lepszej skóry.</description>
		<description lang="pt_br">A tradicional Aeon MQ chega a sua quinta edição.[CR]Reformulada, muito simples de usar, com um código novo que proporciona uma skin leve e poderosa.[CR]A Aeon MQ 5 Kryptonmod incorpora novos recursos como o SUBSTITUIR que leva o nível de customização do menu principal a algo nunca antes visto.[CR]Aeon MQ 5 Kryptonmod, você nunca viu uma skin assim.</description>
		<description lang="ru">Традиционный Aeon MQ достиг своей пятой версии.[CR]Переформулированный, очень простой в использовании, с новым кодом, который обеспечивает легкость и мощность обложки.[CR]Aeon MQ 5 Kryptonmod включает новые функции, такие как ПЕРЕМЕЩЕНИЕ, делающие уровень настройки главного меню не виданным ранее.[CR]Aeon MQ 5 Kryptonmod, вы не  найдете обложку лучше.</description>
		<description lang="th">จากแบบตั้งเดิมของ Aeon MQ ได้มาถึงรุ่นที่ห้า.[CR]ได้ถูกยกเครื่องใหม่, ง่ายต่อการใช้งาน, ด้วยคำสั่งใหม่ ที่นำมาซึ่ง สกินที่เบาและและมีประสิทธิภาพ.[CR]Aeon MQ 5 Kryptonmod ประกอบด้วยคุณสมบัติใหม่ ๆ เช่น การแทนที่ ซึ่งนำระดับการปรับแต่งเมนูหลัก ไปสู่บางสิ่งที่ไม่เคยพบมาก่อน.[CR]Aeon MQ 5, คุณคงไม่เคยเห็นสกินที่ดีเช่นนี้.</description>
		<platform>all</platform>	
		<assets>
			<icon>icon.png</icon>
			<fanart>fanart.jpg</fanart>
		</assets>
		<news>[B][COLOR=FFFF8C00]BUILD 9.2.2 - RELEASE DATE 10/31/2016 for Kodi KRYPTON BETA5+[/COLOR][/B]
This is a MOD of Aeon MQ5 by user Scott967
New:  Various Krypton compliance changes
New:  Remove videolaguage script
New:  Remove "extrapack" add-on
New:  Support Aeon MQ7 theme resource
New:  Provide new "styles" resource
New:  Support video playback speeds 0.8-1.5
New:  Remove support for TVTunes add-on
New:  Add CMS settings from Video OSD menu
New:  Requires script.playalbum and allow album/track play from album info dialog
		</news>
	</extension>

</addon>
